"No.","Channel Name","Receive Frequency","Transmit Frequency","Channel Type","Transmit Power","Band Width","CTCSS/DCS Decode","CTCSS/DCS Encode","Contact","Contact Call Type","Contact TG/DMR ID","Radio ID","Busy Lock/TX Permit","Squelch Mode","Optional Signal","DTMF ID","2Tone ID","5Tone ID","PTT ID","Color Code","Slot","Scan List","Receive Group List","PTT Prohibit","Reverse","TDMA","TDMA Adaptive","AES Digital Encryption","Digital Encryption","Call Confirmation","Talk Around(Simplex)","Work Alone","Custom CTCSS","2TONE Decode","Ranging","Simplex","APRS RX","Analog APRS PTT Mode","Digital APRS PTT Mode","APRS Report Type","Digital APRS Report Channel","Correct Frequency[Hz]","SMS Confirmation","Exclude Channel From Roaming","DMR MODE","DataACK Disable","R5toneBot","R5ToneEot","Auto Scan","Send Talker Alias","ARC4","ex_emg_kind"
"1","ABQ Local","442.90000","447.90000","D-Digital","High","12.5K","Off","Off","ABQ Local","Group Call","713","RMHAM Sample","Different Color Code","Carrier","Off","1","1","1","Off","7","2","RMHAM New Mexico","ABQ Local","Off","Off","Off","Off","Normal Encryption","Off","Off","Off","Off","0.0","0","Off","Off","Off","Off","Off","Off","1","0","Off","0","1","0","0","0","0","0","0","0"
"2","ABQ New Mexico","442.90000","447.90000","D-Digital","High","12.5K","Off","Off","RMHAM New Mexico","Group Call","505","RMHAM Sample","Different Color Code","Carrier","Off","1","1","1","Off","7","2","RMHAM New Mexico","ABQ Local","Off","Off","Off","Off","Normal Encryption","Off","Off","Off","Off","0.0","0","Off","Off","Off","Off","Off","Off","1","0","Off","0","1","0","0","0","0","0","0","0"
"3","ABQ Rk Mtn","442.90000","447.90000","D-Digital","High","12.5K","Off","Off","Rocky Mountain","Group Call","700","RMHAM Sample","Different Color Code","Carrier","Off","1","1","1","Off","7","1","RMHAM New Mexico","Rocky Mountain","Off","Off","Off","Off","Normal Encryption","Off","Off","Off","Off","0.0","0","Off","Off","Off","Off","Off","Off","1","0","Off","0","1","0","0","0","0","0","0","0"
"4","ABQ South","442.90000","447.90000","D-Digital","High","12.5K","Off","Off","South","Group Call","719","RMHAM Sample","Different Color Code","Carrier","Off","1","1","1","Off","7","2","RMHAM New Mexico","ABQ Local","Off","Off","Off","Off","Normal Encryption","Off","Off","Off","Off","0.0","0","Off","Off","Off","Off","Off","Off","1","0","Off","0","1","0","0","0","0","0","0","0"
"5","Akron North","448.17500","443.17500","D-Digital","High","12.5K","Off","Off","North","Group Call","721","RMHAM Sample","Different Color Code","Carrier","Off","1","1","1","Off","7","2","RMHAM North","North","Off","Off","Off","Off","Normal Encryption","Off","Off","Off","Off","0.0","0","Off","Off","Off","Off","Off","Off","1","0","Off","0","1","0","0","0","0","0","0","0"
"6","Akron Rk Mtn","448.17500","443.17500","D-Digital","High","12.5K","Off","Off","Rocky Mountain","Group Call","700","RMHAM Sample","Different Color Code","Carrier","Off","1","1","1","Off","7","1","RMHAM North","Rocky Mountain","Off","Off","Off","Off","Normal Encryption","Off","Off","Off","Off","0.0","0","Off","Off","Off","Off","Off","Off","1","0","Off","0","1","0","0","0","0","0","0","0"
"7","Almagre Rk Mtn","446.95000","441.95000","D-Digital","High","12.5K","Off","Off","Rocky Mountain","Group Call","700","RMHAM Sample","Different Color Code","Carrier","Off","1","1","1","Off","7","1","RMHAM South","Rocky Mountain","Off","Off","Off","Off","Normal Encryption","Off","Off","Off","Off","0.0","0","Off","Off","Off","Off","Off","Off","1","0","Off","0","1","0","0","0","0","0","0","0"
"8","Almagre South","446.95000","441.95000","D-Digital","High","12.5K","Off","Off","South","Group Call","719","RMHAM Sample","Different Color Code","Carrier","Off","1","1","1","Off","7","2","RMHAM South","South","Off","Off","Off","Off","Normal Encryption","Off","Off","Off","Off","0.0","0","Off","Off","Off","Off","Off","Off","1","0","Off","0","1","0","0","0","0","0","0","0"
"9","Badger Central","446.76250","441.76250","D-Digital","High","12.5K","Off","Off","Central","Group Call","720","RMHAM Sample","Different Color Code","Carrier","Off","1","1","1","Off","7","2","RMHAM Central","Central","Off","Off","Off","Off","Normal Encryption","Off","Off","Off","Off","0.0","0","Off","Off","Off","Off","Off","Off","1","0","Off","0","1","0","0","0","0","0","0","0"
"10","Badger Rk Mtn","446.76250","441.76250","D-Digital","High","12.5K","Off","Off","Rocky Mountain","Group Call","700","RMHAM Sample","Different Color Code","Carrier","Off","1","1","1","Off","7","1","RMHAM Central","Rocky Mountain","Off","Off","Off","Off","Normal Encryption","Off","Off","Off","Off","0.0","0","Off","Off","Off","Off","Off","Off","1","0","Off","0","1","0","100","100","0","0","0","0"
"11","Boulder LH Local","445.05000","440.05000","D-Digital","High","12.5K","Off","Off","Boulder Local","Group Call","723","RMHAM Sample","Different Color Code","Carrier","Off","1","1","1","Off","9","2","RMHAM Eastern","Boulder Local","Off","Off","Off","Off","Normal Encryption","Off","Off","Off","Off","0.0","0","Off","Off","Off","Off","Off","Off","1","0","Off","0","1","0","0","0","0","0","0","0"
"12","Boulder LH East","445.05000","440.05000","D-Digital","High","12.5K","Off","Off","Eastern","Group Call","705","RMHAM Sample","Different Color Code","Carrier","Off","1","1","1","Off","9","1","RMHAM Eastern","Eastern","Off","Off","Off","Off","Normal Encryption","Off","Off","Off","Off","0.0","0","Off","Off","Off","Off","Off","Off","1","0","Off","0","1","0","0","0","0","0","0","0"
"13","Boulder North","446.98750","441.98750","D-Digital","High","12.5K","Off","Off","North","Group Call","721","RMHAM Sample","Different Color Code","Carrier","Off","1","1","1","Off","7","2","RMHAM North","North","Off","Off","Off","Off","Normal Encryption","Off","Off","Off","Off","0.0","0","Off","Off","Off","Off","Off","Off","1","0","Off","0","1","0","0","0","0","0","0","0"
"14","Boulder Rk Mtn","446.98750","441.98750","D-Digital","High","12.5K","Off","Off","Rocky Mountain","Group Call","700","RMHAM Sample","Different Color Code","Carrier","Off","1","1","1","Off","7","1","RMHAM North","Rocky Mountain","Off","Off","Off","Off","Normal Encryption","Off","Off","Off","Off","0.0","0","Off","Off","Off","Off","Off","Off","1","0","Off","0","1","0","0","0","0","0","0","0"
"15","Breck Central","445.08750","440.08750","D-Digital","High","12.5K","Off","Off","Central","Group Call","720","RMHAM Sample","Different Color Code","Carrier","Off","1","1","1","Off","7","2","RMHAM Central","Central","Off","Off","Off","Off","Normal Encryption","Off","Off","Off","Off","0.0","0","Off","Off","Off","Off","Off","Off","1","0","Off","0","1","0","0","0","0","0","0","0"
"16","Breck Rk Mtn","445.08750","440.08750","D-Digital","High","12.5K","Off","Off","Rocky Mountain","Group Call","700","RMHAM Sample","Different Color Code","Carrier","Off","1","1","1","Off","7","1","RMHAM Central","Rocky Mountain","Off","Off","Off","Off","Normal Encryption","Off","Off","Off","Off","0.0","0","Off","Off","Off","Off","Off","Off","1","0","Off","0","1","0","0","0","0","0","0","0"
"17","Buckhorn North","445.20000","440.20000","D-Digital","High","12.5K","Off","Off","North","Group Call","721","RMHAM Sample","Different Color Code","Carrier","Off","1","1","1","Off","7","2","RMHAM North","North","Off","Off","Off","Off","Normal Encryption","Off","Off","Off","Off","0.0","0","Off","Off","Off","Off","Off","Off","1","0","Off","0","1","0","0","0","0","0","0","0"
"18","Buckhorn RkyMtn","445.20000","440.20000","D-Digital","High","12.5K","Off","Off","Rocky Mountain","Group Call","700","RMHAM Sample","Different Color Code","Carrier","Off","1","1","1","Off","7","1","RMHAM North","Rocky Mountain","Off","Off","Off","Off","Normal Encryption","Off","Off","Off","Off","0.0","0","Off","Off","Off","Off","Off","Off","1","0","Off","0","1","0","0","0","0","0","0","0"
"19","Burlington Cntrl","445.05000","440.05000","D-Digital","High","12.5K","Off","Off","Central","Group Call","720","RMHAM Sample","Different Color Code","Carrier","Off","1","1","1","Off","6","2","RMHAM Central","Central","Off","Off","Off","Off","Normal Encryption","Off","Off","Off","Off","0.0","0","Off","Off","Off","Off","Off","Off","1","0","Off","0","1","0","0","0","0","0","0","0"
"20","Burlington RkMtn","445.05000","440.05000","D-Digital","High","12.5K","Off","Off","Rocky Mountain","Group Call","700","RMHAM Sample","Different Color Code","Carrier","Off","1","1","1","Off","6","1","RMHAM Central","Rocky Mountain","Off","Off","Off","Off","Normal Encryption","Off","Off","Off","Off","0.0","0","Off","Off","Off","Off","Off","Off","1","0","Off","0","1","0","0","0","0","0","0","0"
"21","Canon Rk Mtn","446.73750","441.73750","D-Digital","High","12.5K","Off","Off","Rocky Mountain","Group Call","700","RMHAM Sample","Different Color Code","Carrier","Off","1","1","1","Off","7","1","RMHAM South","Rocky Mountain","Off","Off","Off","Off","Normal Encryption","Off","Off","Off","Off","0.0","0","Off","Off","Off","Off","Off","Off","1","0","Off","0","1","0","0","0","0","0","0","0"
"22","Canon South","446.73750","441.73750","D-Digital","High","12.5K","Off","Off","South","Group Call","719","RMHAM Sample","Different Color Code","Carrier","Off","1","1","1","Off","7","2","RMHAM South","South","Off","Off","Off","Off","Normal Encryption","Off","Off","Off","Off","0.0","0","Off","Off","Off","Off","Off","Off","1","0","Off","0","1","0","0","0","0","0","0","0"
"23","Chey Mtn Rky Mtn","445.06250","440.06250","D-Digital","High","12.5K","Off","Off","Rocky Mountain","Group Call","700","RMHAM Sample","Different Color Code","Carrier","Off","1","1","1","Off","7","1","RMHAM South","Rocky Mountain","Off","Off","Off","Off","Normal Encryption","Off","Off","Off","Off","0.0","0","Off","Off","Off","Off","Off","Off","1","0","Off","0","1","0","0","0","0","0","0","0"
"24","Chey Mtn South","445.06250","440.06250","D-Digital","High","12.5K","Off","Off","South","Group Call","719","RMHAM Sample","Different Color Code","Carrier","Off","1","1","1","Off","7","2","RMHAM South","South","Off","Off","Off","Off","Normal Encryption","Off","Off","Off","Off","0.0","0","Off","Off","Off","Off","Off","Off","1","0","Off","0","1","0","0","0","0","0","0","0"
"25","CSU Local","446.76250","441.76250","D-Digital","High","12.5K","Off","Off","CSU Local","Group Call","722","RMHAM Sample","Different Color Code","Carrier","Off","1","1","1","Off","8","1","RMHAM North","CSU Local","Off","Off","Off","Off","Normal Encryption","Off","Off","Off","Off","0.0","0","Off","Off","Off","Off","Off","Off","1","0","Off","0","1","0","0","0","0","0","0","0"
"26","CSU North","446.76250","441.76250","D-Digital","High","12.5K","Off","Off","North","Group Call","721","RMHAM Sample","Different Color Code","Carrier","Off","1","1","1","Off","8","2","RMHAM North","North","Off","Off","Off","Off","Normal Encryption","Off","Off","Off","Off","0.0","0","Off","Off","Off","Off","Off","Off","1","0","Off","0","1","0","0","0","0","0","0","0"
"27","Devils Local","446.92500","441.92500","D-Digital","High","12.5K","Off","Off","Devils Local","Group Call","711","RMHAM Sample","Different Color Code","Carrier","Off","1","1","1","Off","8","2","RMHAM South","Devils Local","Off","Off","Off","Off","Normal Encryption","Off","Off","Off","Off","0.0","0","Off","Off","Off","Off","Off","Off","1","0","Off","0","1","0","0","0","0","0","0","0"
"28","Devils South","446.92500","441.92500","D-Digital","High","12.5K","Off","Off","South","Group Call","719","RMHAM Sample","Different Color Code","Carrier","Off","1","1","1","Off","8","1","RMHAM South","South","Off","Off","Off","Off","Normal Encryption","Off","Off","Off","Off","0.0","0","Off","Off","Off","Off","Off","Off","1","0","Off","0","1","0","0","0","0","0","0","0"
"29","Durango 4Corners","446.73750","441.73750","D-Digital","High","12.5K","Off","Off","RMHAMFourCorners","Group Call","745","RMHAM Sample","Different Color Code","Carrier","Off","1","1","1","Off","6","2","RMHAM 4 Corners","Four Corners","Off","Off","Off","Off","Normal Encryption","Off","Off","Off","Off","0.0","0","Off","Off","Off","Off","Off","Off","1","0","Off","0","1","0","0","0","0","0","0","0"
"30","Durango NM","446.73750","441.73750","D-Digital","High","12.5K","Off","Off","RMHAM New Mexico","Group Call","505","RMHAM Sample","Different Color Code","Carrier","Off","1","1","1","Off","6","2","RMHAM 4 Corners","RMHAM NM","Off","Off","Off","Off","Normal Encryption","Off","Off","Off","Off","0.0","0","Off","Off","Off","Off","Off","Off","1","0","Off","0","1","0","0","0","0","0","0","0"
"31","Durango Rk Mtn","446.73750","441.73750","D-Digital","High","12.5K","Off","Off","Rocky Mountain","Group Call","700","RMHAM Sample","Different Color Code","Carrier","Off","1","1","1","Off","6","1","RMHAM 4 Corners","Rocky Mountain","Off","Off","Off","Off","Normal Encryption","Off","Off","Off","Off","0.0","0","Off","Off","Off","Off","Off","Off","1","0","Off","0","1","0","0","0","0","0","0","0"
"32","Durango South","446.73750","441.73750","D-Digital","High","12.5K","Off","Off","South","Group Call","719","RMHAM Sample","Different Color Code","Carrier","Off","1","1","1","Off","6","2","RMHAM 4 Corners","South","Off","Off","Off","Off","Normal Encryption","Off","Off","Off","Off","0.0","0","Off","Off","Off","Off","Off","Off","1","0","Off","0","1","0","0","0","0","0","0","0"
"33","Farmington 4Cor","440.30000","445.30000","D-Digital","High","12.5K","Off","Off","RMHAMFourCorners","Group Call","745","RMHAM Sample","Different Color Code","Carrier","Off","1","1","1","Off","6","2","RMHAM 4 Corners","Four Corners","Off","Off","Off","Off","Normal Encryption","Off","Off","Off","Off","0.0","0","Off","Off","Off","Off","Off","Off","1","0","Off","0","1","0","0","0","0","0","0","0"
"34","Farmington NM","440.30000","445.30000","D-Digital","High","12.5K","Off","Off","RMHAM New Mexico","Group Call","505","RMHAM Sample","Different Color Code","Carrier","Off","1","1","1","Off","6","2","RMHAM 4 Corners","RMHAM NM","Off","Off","Off","Off","Normal Encryption","Off","Off","Off","Off","0.0","0","Off","Off","Off","Off","Off","Off","1","0","Off","0","1","0","0","0","0","0","0","0"
"35","Farmington RkMtn","440.30000","445.30000","D-Digital","High","12.5K","Off","Off","Rocky Mountain","Group Call","700","RMHAM Sample","Different Color Code","Carrier","Off","1","1","1","Off","6","1","RMHAM 4 Corners","Rocky Mountain","Off","Off","Off","Off","Normal Encryption","Off","Off","Off","Off","0.0","0","Off","Off","Off","Off","Off","Off","1","0","Off","0","1","0","0","0","0","0","0","0"
"36","Farmington South","440.30000","445.30000","D-Digital","High","12.5K","Off","Off","South","Group Call","719","RMHAM Sample","Different Color Code","Carrier","Off","1","1","1","Off","6","2","RMHAM 4 Corners","South","Off","Off","Off","Off","Normal Encryption","Off","Off","Off","Off","0.0","0","Off","Off","Off","Off","Off","Off","1","0","Off","0","1","0","0","0","0","0","0","0"
"37","Ft Morgan North","448.20000","443.20000","D-Digital","High","12.5K","Off","Off","North","Group Call","721","RMHAM Sample","Different Color Code","Carrier","Off","1","1","1","Off","7","2","RMHAM North","North","Off","Off","Off","Off","Normal Encryption","Off","Off","Off","Off","0.0","0","Off","Off","Off","Off","Off","Off","1","0","Off","0","1","0","0","0","0","0","0","0"
"38","Ft Morgan Rk Mtn","448.20000","443.20000","D-Digital","High","12.5K","Off","Off","Rocky Mountain","Group Call","700","RMHAM Sample","Different Color Code","Carrier","Off","1","1","1","Off","7","1","RMHAM North","Rocky Mountain","Off","Off","Off","Off","Normal Encryption","Off","Off","Off","Off","0.0","0","Off","Off","Off","Off","Off","Off","1","0","Off","0","1","0","0","0","0","0","0","0"
"39","Grnd Jnctn Cntrl","445.05000","440.05000","D-Digital","High","12.5K","Off","Off","Central","Group Call","720","RMHAM Sample","Different Color Code","Carrier","Off","1","1","1","Off","5","2","RMHAM Central","Central","Off","Off","Off","Off","Normal Encryption","Off","Off","Off","Off","0.0","0","Off","Off","Off","Off","Off","Off","1","0","Off","0","1","0","0","0","0","0","0","0"
"40","Grnd Jnctn RkMtn","445.05000","440.05000","D-Digital","High","12.5K","Off","Off","Rocky Mountain","Group Call","700","RMHAM Sample","Different Color Code","Carrier","Off","1","1","1","Off","5","1","RMHAM Central","Rocky Mountain","Off","Off","Off","Off","Normal Encryption","Off","Off","Off","Off","0.0","0","Off","Off","Off","Off","Off","Off","1","0","Off","0","1","0","0","0","0","0","0","0"
"41","Holyoke RkMtn","445.16250","440.16250","D-Digital","High","12.5K","Off","Off","Rocky Mountain","Group Call","700","RMHAM Sample","Different Color Code","Carrier","Off","1","1","1","Off","7","1","RMHAM North","Rocky Mountain","Off","Off","Off","Off","Normal Encryption","Off","Off","Off","Off","0.0","0","Off","Off","Off","Off","Off","Off","1","0","Off","0","1","0","0","0","0","0","0","0"
"42","Holyoke North","445.16250","440.16250","D-Digital","High","12.5K","Off","Off","North","Group Call","721","RMHAM Sample","Different Color Code","Carrier","Off","1","1","1","Off","7","1","RMHAM North","North","Off","Off","Off","Off","Normal Encryption","Off","Off","Off","Off","0.0","0","Off","Off","Off","Off","Off","Off","1","0","Off","0","1","0","0","0","0","0","0","0"
"43","Karval RkMtn","445.12500","440.12500","D-Digital","High","12.5K","Off","Off","Rocky Mountain","Group Call","700","RMHAM Sample","Different Color Code","Carrier","Off","1","1","1","Off","7","1","RMHAM South","Rocky Mountain","Off","Off","Off","Off","Normal Encryption","Off","Off","Off","Off","0.0","0","Off","Off","Off","Off","Off","Off","1","0","Off","0","1","0","0","0","0","0","0","0"
"44","Karval South","445.12500","440.12500","D-Digital","High","12.5K","Off","Off","South","Group Call","719","RMHAM Sample","Different Color Code","Carrier","Off","1","1","1","Off","7","2","RMHAM South","South","Off","Off","Off","Off","Normal Encryption","Off","Off","Off","Off","0.0","0","Off","Off","Off","Off","Off","Off","1","0","Off","0","1","0","0","0","0","0","0","0"
"45","Leadville Centra","445.05000","440.05000","D-Digital","High","12.5K","Off","Off","Central","Group Call","720","RMHAM Sample","Different Color Code","Carrier","Off","1","1","1","Off","7","2","RMHAM Central","Central","Off","Off","Off","Off","Normal Encryption","Off","Off","Off","Off","0.0","0","Off","Off","Off","Off","Off","Off","1","0","Off","0","1","0","0","0","0","0","0","0"
"46","Leadville Rk Mtn","445.05000","440.05000","D-Digital","High","12.5K","Off","Off","Rocky Mountain","Group Call","700","RMHAM Sample","Different Color Code","Carrier","Off","1","1","1","Off","7","1","RMHAM Central","Rocky Mountain","Off","Off","Off","Off","Normal Encryption","Off","Off","Off","Off","0.0","0","Off","Off","Off","Off","Off","Off","1","0","Off","0","1","0","0","0","0","0","0","0"
"47","Limon Central","445.27500","441.25700","D-Digital","High","12.5K","Off","Off","Central","Group Call","720","RMHAM Sample","Different Color Code","Carrier","Off","1","1","1","Off","7","2","RMHAM Central","Central","Off","Off","Off","Off","Normal Encryption","Off","Off","Off","Off","0.0","0","Off","Off","Off","Off","Off","Off","1","0","Off","0","1","0","0","0","0","0","0","0"
"48","Limon RkMtn","445.27500","441.27500","D-Digital","High","12.5K","Off","Off","Rocky Mountain","Group Call","700","RMHAM Sample","Different Color Code","Carrier","Off","1","1","1","Off","7","1","RMHAM Central","Rocky Mountain","Off","Off","Off","Off","Normal Encryption","Off","Off","Off","Off","0.0","0","Off","Off","Off","Off","Off","Off","1","0","Off","0","1","0","0","0","0","0","0","0"
"49","Limon B North","446.73750","441.73750","D-Digital","High","12.5K","Off","Off","North","Group Call","721","RMHAM Sample","Different Color Code","Carrier","Off","1","1","1","Off","9","1","RMHAM North","North","Off","Off","Off","Off","Normal Encryption","Off","Off","Off","Off","0.0","0","Off","Off","Off","Off","Off","Off","1","0","Off","0","1","0","0","0","0","0","0","0"
"50","Limon B South","446.73750","441.73750","D-Digital","High","12.5K","Off","Off","South","Group Call","719","RMHAM Sample","Different Color Code","Carrier","Off","1","1","1","Off","9","2","RMHAM South","South","Off","Off","Off","Off","Normal Encryption","Off","Off","Off","Off","0.0","0","Off","Off","Off","Off","Off","Off","1","0","Off","0","1","0","0","0","0","0","0","0"
"51","Lookout Central","446.83750","441.83750","D-Digital","High","12.5K","Off","Off","Central","Group Call","720","RMHAM Sample","Different Color Code","Carrier","Off","1","1","1","Off","7","2","RMHAM Central","Central","Off","Off","Off","Off","Normal Encryption","Off","Off","Off","Off","0.0","0","Off","Off","Off","Off","Off","Off","1","0","Off","0","1","0","0","0","0","0","0","0"
"52","Lookout Local","446.83750","441.83750","D-Digital","High","12.5K","Off","Off","Lookout Local","Group Call","710","RMHAM Sample","Different Color Code","Carrier","Off","1","1","1","Off","7","1","RMHAM Central","Lookout Local","Off","Off","Off","Off","Normal Encryption","Off","Off","Off","Off","0.0","0","Off","Off","Off","Off","Off","Off","1","0","Off","0","1","0","0","0","0","0","0","0"
"53","Los Alamos Local","442.22500","447.22500","D-Digital","High","12.5K","Off","Off","Los Alamos Local","Group Call","714","RMHAM Sample","Different Color Code","Carrier","Off","1","1","1","Off","7","2","RMHAM New Mexico","Los Alamos Local","Off","Off","Off","Off","Normal Encryption","Off","Off","Off","Off","0.0","0","Off","Off","Off","Off","Off","Off","1","0","Off","0","1","0","0","0","0","0","0","0"
"54","Los Alamos NMex","442.22500","447.22500","D-Digital","High","12.5K","Off","Off","RMHAM New Mexico","Group Call","505","RMHAM Sample","Different Color Code","Carrier","Off","1","1","1","Off","7","2","RMHAM New Mexico","Los Alamos Local","Off","Off","Off","Off","Normal Encryption","Off","Off","Off","Off","0.0","0","Off","Off","Off","Off","Off","Off","1","0","Off","0","1","0","0","0","0","0","0","0"
"55","Los Alamos RkMtn","442.22500","447.22500","D-Digital","High","12.5K","Off","Off","Rocky Mountain","Group Call","700","RMHAM Sample","Different Color Code","Carrier","Off","1","1","1","Off","7","1","RMHAM New Mexico","Rocky Mountain","Off","Off","Off","Off","Normal Encryption","Off","Off","Off","Off","0.0","0","Off","Off","Off","Off","Off","Off","1","0","Off","0","1","0","0","0","0","0","0","0"
"56","Los Alamos South","442.22500","447.22500","D-Digital","High","12.5K","Off","Off","South","Group Call","719","RMHAM Sample","Different Color Code","Carrier","Off","1","1","1","Off","7","2","RMHAM New Mexico","Los Alamos Local","Off","Off","Off","Off","Normal Encryption","Off","Off","Off","Off","0.0","0","Off","Off","Off","Off","Off","Off","1","0","Off","0","1","0","0","0","0","0","0","0"
"57","Mission 4Corners","445.13750","440.13750","D-Digital","High","12.5K","Off","Off","RMHAMFourCorners","Group Call","745","RMHAM Sample","Different Color Code","Carrier","Off","1","1","1","Off","7","2","RMHAM 4 Corners","Four Corners","Off","Off","Off","Off","Normal Encryption","Off","Off","Off","Off","0.0","0","Off","Off","Off","Off","Off","Off","1","0","Off","0","1","0","0","0","0","0","0","0"
"58","Mission NM","445.13750","440.13750","D-Digital","High","12.5K","Off","Off","RMHAM New Mexico","Group Call","505","RMHAM Sample","Different Color Code","Carrier","Off","1","1","1","Off","7","2","RMHAM 4 Corners","RMHAM NM","Off","Off","Off","Off","Normal Encryption","Off","Off","Off","Off","0.0","0","Off","Off","Off","Off","Off","Off","1","0","Off","0","1","0","0","0","0","0","0","0"
"59","Mission Rk Mtn","445.13750","440.13750","D-Digital","High","12.5K","Off","Off","Rocky Mountain","Group Call","700","RMHAM Sample","Different Color Code","Carrier","Off","1","1","1","Off","7","1","RMHAM 4 Corners","Rocky Mountain","Off","Off","Off","Off","Normal Encryption","Off","Off","Off","Off","0.0","0","Off","Off","Off","Off","Off","Off","1","0","Off","0","1","0","0","0","0","0","0","0"
"60","Mission South","445.13750","440.13750","D-Digital","High","12.5K","Off","Off","South","Group Call","719","RMHAM Sample","Different Color Code","Carrier","Off","1","1","1","Off","7","2","RMHAM 4 Corners","South","Off","Off","Off","Off","Normal Encryption","Off","Off","Off","Off","0.0","0","Off","Off","Off","Off","Off","Off","1","0","Off","0","1","0","0","0","0","0","0","0"
"61","Montrose Central","445.07500","440.07500","D-Digital","High","12.5K","Off","Off","Central","Group Call","720","RMHAM Sample","Different Color Code","Carrier","Off","1","1","1","Off","8","2","RMHAM Central","Central","Off","Off","Off","Off","Normal Encryption","Off","Off","Off","Off","0.0","0","Off","Off","Off","Off","Off","Off","1","0","Off","0","1","0","0","0","0","0","0","0"
"62","Montrose Rk Mtn","445.07500","440.07500","D-Digital","High","12.5K","Off","Off","Rocky Mountain","Group Call","700","RMHAM Sample","Different Color Code","Carrier","Off","1","1","1","Off","8","1","RMHAM Central","Rocky Mountain","Off","Off","Off","Off","Normal Encryption","Off","Off","Off","Off","0.0","0","Off","Off","Off","Off","Off","Off","1","0","Off","0","1","0","0","0","0","0","0","0"
"63","Pueblo Rk Mtn","446.98750","441.98750","D-Digital","High","12.5K","Off","Off","Rocky Mountain","Group Call","700","RMHAM Sample","Different Color Code","Carrier","Off","1","1","1","Off","8","1","RMHAM South","Rocky Mountain","Off","Off","Off","Off","Normal Encryption","Off","Off","Off","Off","0.0","0","Off","Off","Off","Off","Off","Off","1","0","Off","0","1","0","0","0","0","0","0","0"
"64","Pueblo South","446.98750","441.98750","D-Digital","High","12.5K","Off","Off","South","Group Call","719","RMHAM Sample","Different Color Code","Carrier","Off","1","1","1","Off","8","2","RMHAM South","South","Off","Off","Off","Off","Normal Encryption","Off","Off","Off","Off","0.0","0","Off","Off","Off","Off","Off","Off","1","0","Off","0","1","0","0","0","0","0","0","0"
"65","PuebloCdr RkMtn","446.96250","441.96250","D-Digital","High","12.5K","Off","Off","Rocky Mountain","Group Call","700","RMHAM Sample","Different Color Code","Carrier","Off","1","1","1","Off","8","1","RMHAM South","Rocky Mountain","Off","Off","Off","Off","Normal Encryption","Off","Off","Off","Off","0.0","0","Off","Off","Off","Off","Off","Off","1","0","Off","0","1","0","0","0","0","0","0","0"
"66","PuebloCdr South","446.96250","441.96250","D-Digital","High","12.5K","Off","Off","South","Group Call","719","RMHAM Sample","Different Color Code","Carrier","Off","1","1","1","Off","8","2","RMHAM South","South","Off","Off","Off","Off","Normal Encryption","Off","Off","Off","Off","0.0","0","Off","Off","Off","Off","Off","Off","1","0","Off","0","1","0","0","0","0","0","0","0"
"67","Rangely Central","445.26250","440.26250","D-Digital","High","12.5K","Off","Off","Central","Group Call","720","RMHAM Sample","Different Color Code","Carrier","Off","1","1","1","Off","7","2","RMHAM Central","Central","Off","Off","Off","Off","Normal Encryption","Off","Off","Off","Off","0.0","0","Off","Off","Off","Off","Off","Off","1","0","Off","0","1","0","0","0","0","0","0","0"
"68","Rangely Rk Mtn","445.26250","440.26250","D-Digital","High","12.5K","Off","Off","Rocky Mountain","Group Call","700","RMHAM Sample","Different Color Code","Carrier","Off","1","1","1","Off","7","1","RMHAM Central","Rocky Mountain","Off","Off","Off","Off","Normal Encryption","Off","Off","Off","Off","0.0","0","Off","Off","Off","Off","Off","Off","1","0","Off","0","1","0","0","0","0","0","0","0"
"69","Salida Rk Mtn","446.81250","441.81250","D-Digital","High","12.5K","Off","Off","Rocky Mountain","Group Call","700","RMHAM Sample","Different Color Code","Carrier","Off","1","1","1","Off","7","1","RMHAM South","Rocky Mountain","Off","Off","Off","Off","Normal Encryption","Off","Off","Off","Off","0.0","0","Off","Off","Off","Off","Off","Off","1","0","Off","0","1","0","0","0","0","0","0","0"
"70","Salida South","446.81250","441.81250","D-Digital","High","12.5K","Off","Off","South","Group Call","719","RMHAM Sample","Different Color Code","Carrier","Off","1","1","1","Off","7","2","RMHAM South","South","Off","Off","Off","Off","Normal Encryption","Off","Off","Off","Off","0.0","0","Off","Off","Off","Off","Off","Off","1","0","Off","0","1","0","0","0","0","0","0","0"
"71","Squaw Central","446.93750","441.93750","D-Digital","High","12.5K","Off","Off","Central","Group Call","720","RMHAM Sample","Different Color Code","Carrier","Off","1","1","1","Off","7","2","RMHAM Central","Central","Off","Off","Off","Off","Normal Encryption","Off","Off","Off","Off","0.0","0","Off","Off","Off","Off","Off","Off","1","0","Off","0","1","0","0","0","0","0","0","0"
"72","Squaw Rk Mtn","446.93750","441.93750","D-Digital","High","12.5K","Off","Off","Rocky Mountain","Group Call","700","RMHAM Sample","Different Color Code","Carrier","Off","1","1","1","Off","7","1","RMHAM Central","Rocky Mountain","Off","Off","Off","Off","Normal Encryption","Off","Off","Off","Off","0.0","0","Off","Off","Off","Off","Off","Off","1","0","Off","0","1","0","0","0","0","0","0","0"
"73","Sterling RkMtn","445.10000","440.10000","D-Digital","Low","12.5K","Off","Off","Rocky Mountain","Group Call","700","RMHAM Sample","Different Color Code","Carrier","Off","1","1","1","Off","8","1","RMHAM North","Rocky Mountain","Off","Off","Off","Off","Normal Encryption","Off","Off","Off","Off","0.0","0","Off","Off","Off","Off","Off","Off","1","0","Off","0","1","0","0","0","0","0","0","0"
"74","Sterling North","445.10000","440.10000","D-Digital","Low","12.5K","Off","Off","North","Group Call","721","RMHAM Sample","Different Color Code","Carrier","Off","1","1","1","Off","8","1","RMHAM North","North","Off","Off","Off","Off","Normal Encryption","Off","Off","Off","Off","0.0","0","Off","Off","Off","Off","Off","Off","1","0","Off","0","1","0","0","0","0","0","0","0"
"75","Taos Local","442.17500","447.17500","D-Digital","High","12.5K","Off","Off","Taos Local","Group Call","715","RMHAM Sample","Different Color Code","Carrier","Off","1","1","1","Off","5","2","RMHAM New Mexico","Taos Local","Off","Off","Off","Off","Normal Encryption","Off","Off","Off","Off","0.0","0","Off","Off","Off","Off","Off","Off","1","0","Off","0","1","0","0","0","0","0","0","0"
"76","Taos New Mexico","442.17500","447.17500","D-Digital","High","12.5K","Off","Off","RMHAM New Mexico","Group Call","505","RMHAM Sample","Different Color Code","Carrier","Off","1","1","1","Off","5","2","RMHAM New Mexico","Taos Local","Off","Off","Off","Off","Normal Encryption","Off","Off","Off","Off","0.0","0","Off","Off","Off","Off","Off","Off","1","0","Off","0","1","0","0","0","0","0","0","0"
"77","Taos Rocky Mtn","442.17500","447.17500","D-Digital","High","12.5K","Off","Off","Rocky Mountain","Group Call","700","RMHAM Sample","Different Color Code","Carrier","Off","1","1","1","Off","5","1","RMHAM New Mexico","Rocky Mountain","Off","Off","Off","Off","Normal Encryption","Off","Off","Off","Off","0.0","0","Off","Off","Off","Off","Off","Off","1","0","Off","0","1","0","0","0","0","0","0","0"
"78","Taos South","442.17500","447.17500","D-Digital","High","12.5K","Off","Off","South","Group Call","719","RMHAM Sample","Different Color Code","Carrier","Off","1","1","1","Off","5","2","RMHAM New Mexico","Taos Local","Off","Off","Off","Off","Normal Encryption","Off","Off","Off","Off","0.0","0","Off","Off","Off","Off","Off","Off","1","0","Off","0","1","0","0","0","0","0","0","0"
"79","Thorodin Central","446.80000","441.80000","D-Digital","High","12.5K","Off","Off","Central","Group Call","720","RMHAM Sample","Different Color Code","Carrier","Off","1","1","1","Off","7","2","RMHAM Central","Central","Off","Off","Off","Off","Normal Encryption","Off","Off","Off","Off","0.0","0","Off","Off","Off","Off","Off","Off","1","0","Off","0","1","0","0","0","0","0","0","0"
"80","Thorodin Rk Mtn","446.80000","441.80000","D-Digital","High","12.5K","Off","Off","Rocky Mountain","Group Call","700","RMHAM Sample","Different Color Code","Carrier","Off","1","1","1","Off","7","1","RMHAM Central","Rocky Mountain","Off","Off","Off","Off","Normal Encryption","Off","Off","Off","Off","0.0","0","Off","Off","Off","Off","Off","Off","1","0","Off","0","1","0","0","0","0","0","0","0"
"81","Vail Central","445.07500","440.07500","D-Digital","High","12.5K","Off","Off","Central","Group Call","720","RMHAM Sample","Different Color Code","Carrier","Off","1","1","1","Off","7","2","RMHAM Central","Central","Off","Off","Off","Off","Normal Encryption","Off","Off","Off","Off","0.0","0","Off","Off","Off","Off","Off","Off","1","0","Off","0","1","0","0","0","0","0","0","0"
"82","Vail Rk Mtn","445.07500","440.07500","D-Digital","High","12.5K","Off","Off","Rocky Mountain","Group Call","700","RMHAM Sample","Different Color Code","Carrier","Off","1","1","1","Off","7","1","RMHAM Central","Rocky Mountain","Off","Off","Off","Off","Normal Encryption","Off","Off","Off","Off","0.0","0","Off","Off","Off","Off","Off","Off","1","0","Off","0","1","0","0","0","0","0","0","0"
"83","Westcreek Centra","446.87500","441.87500","D-Digital","High","12.5K","Off","Off","Central","Group Call","720","RMHAM Sample","Different Color Code","Carrier","Off","1","1","1","Off","6","2","RMHAM Central","Central","Off","Off","Off","Off","Normal Encryption","Off","Off","Off","Off","0.0","0","Off","Off","Off","Off","Off","Off","1","0","Off","0","1","0","0","0","0","0","0","0"
"84","Westcreek Rk Mtn","446.87500","441.87500","D-Digital","High","12.5K","Off","Off","Rocky Mountain","Group Call","700","RMHAM Sample","Different Color Code","Carrier","Off","1","1","1","Off","6","1","RMHAM Central","Rocky Mountain","Off","Off","Off","Off","Normal Encryption","Off","Off","Off","Off","0.0","0","Off","Off","Off","Off","Off","Off","1","0","Off","0","1","0","0","0","0","0","0","0"
"85","Trailer Central","438.22500","433.22500","D-Digital","High","12.5K","Off","Off","Central","Group Call","720","RMHAM Sample","Different Color Code","Carrier","Off","1","1","1","Off","7","2","None","Central","Off","Off","Off","Off","Normal Encryption","Off","Off","Off","Off","0.0","0","Off","Off","Off","Off","Off","Off","1","0","Off","0","1","0","0","0","0","0","0","0"
"86","Trailer North","438.22500","433.22500","D-Digital","High","12.5K","Off","Off","North","Group Call","721","RMHAM Sample","Different Color Code","Carrier","Off","1","1","1","Off","7","2","None","North","Off","Off","Off","Off","Normal Encryption","Off","Off","Off","Off","0.0","0","Off","Off","Off","Off","Off","Off","1","0","Off","0","1","0","0","0","0","0","0","0"
"87","Trailer Rk Mtn","438.22500","433.22500","D-Digital","High","12.5K","Off","Off","Rocky Mountain","Group Call","700","RMHAM Sample","Different Color Code","Carrier","Off","1","1","1","Off","7","1","None","Rocky Mountain","Off","Off","Off","Off","Normal Encryption","Off","Off","Off","Off","0.0","0","Off","Off","Off","Off","Off","Off","1","0","Off","0","1","0","0","0","0","0","0","0"
"88","Trailer South","438.22500","433.22500","D-Digital","High","12.5K","Off","Off","South","Group Call","719","RMHAM Sample","Different Color Code","Carrier","Off","1","1","1","Off","7","2","None","South","Off","Off","Off","Off","Normal Encryption","Off","Off","Off","Off","0.0","0","Off","Off","Off","Off","Off","Off","1","0","Off","0","1","0","0","0","0","0","0","0"
"89","Critchell UHF","447.50000","442.50000","A-Analog","High","25K","88.5","88.5","Local","Group Call","2","RMHAM Sample","Off","CTCSS/DCS","Off","1","1","1","Off","0","1","None","None","Off","Off","Off","Off","Normal Encryption","Off","Off","Off","Off","0.0","0","Off","Off","Off","Off","Off","Off","1","0","Off","0","1","0","0","0","0","0","0","0"
"90","Guy UHF","448.22500","443.22500","A-Analog","High","25K","88.5","88.5","Local","Group Call","2","RMHAM Sample","Off","CTCSS/DCS","Off","1","1","1","Off","0","1","None","None","Off","Off","Off","Off","Normal Encryption","Off","Off","Off","Off","0.0","0","Off","Off","Off","Off","Off","Off","1","0","Off","0","1","0","0","0","0","0","0","0"
"91","Squaw","448.22500","443.22500","A-Analog","High","25K","141.3","141.3","Local","Group Call","2","RMHAM Sample","Off","CTCSS/DCS","Off","1","1","1","Off","0","1","None","None","Off","Off","Off","Off","Normal Encryption","Off","Off","Off","Off","0.0","0","Off","Off","Off","Off","Off","Off","1","0","Off","0","1","0","0","0","0","0","0","0"
"92","Thoradin","449.22500","444.22500","A-Analog","High","25K","141.3","141.3","Local","Group Call","2","RMHAM Sample","Off","CTCSS/DCS","Off","1","1","1","Off","0","1","None","None","Off","Off","Off","Off","Normal Encryption","Off","Off","Off","Off","0.0","0","Off","Off","Off","Off","Off","Off","1","0","Off","0","1","0","0","0","0","0","0","0"
"93","Black Forest","447.62500","442.62500","A-Analog","High","25K","100.0","100.0","Local","Group Call","2","RMHAM Sample","Off","CTCSS/DCS","Off","1","1","1","Off","0","1","None","None","Off","Off","Off","Off","Normal Encryption","Off","Off","Off","Off","0.0","0","Off","Off","Off","Off","Off","Off","1","0","Off","0","1","0","0","0","0","0","0","0"
"94","Bristol Peak","449.52500","444.52500","A-Analog","High","25K","100.0","100.0","Local","Group Call","2","RMHAM Sample","Off","CTCSS/DCS","Off","1","1","1","Off","0","1","None","None","Off","Off","Off","Off","Normal Encryption","Off","Off","Off","Off","0.0","0","Off","Off","Off","Off","Off","Off","1","0","Off","0","1","0","0","0","0","0","0","0"
"95","Canon Fremont","447.25000","442.25000","A-Analog","High","25K","100.0","100.0","Local","Group Call","2","RMHAM Sample","Off","CTCSS/DCS","Off","1","1","1","Off","0","1","None","None","Off","Off","Off","Off","Normal Encryption","Off","Off","Off","Off","0.0","0","Off","Off","Off","Off","Off","Off","1","0","Off","0","1","0","0","0","0","0","0","0"
"96","Cedarwood","449.97500","444.97500","A-Analog","High","25K","100.0","100.0","Local","Group Call","2","RMHAM Sample","Off","CTCSS/DCS","Off","1","1","1","Off","0","1","None","None","Off","Off","Off","Off","Normal Encryption","Off","Off","Off","Off","0.0","0","Off","Off","Off","Off","Off","Off","1","0","Off","0","1","0","0","0","0","0","0","0"
"97","DIA Denver","448.15000","443.15000","A-Analog","High","25K","141.3","141.3","Local","Group Call","2","RMHAM Sample","Off","CTCSS/DCS","Off","1","1","1","Off","0","1","None","None","Off","Off","Off","Off","Normal Encryption","Off","Off","Off","Off","0.0","0","Off","Off","Off","Off","Off","Off","1","0","Off","0","1","0","0","0","0","0","0","0"
"98","Pueblo","447.27500","442.27500","A-Analog","High","25K","100.0","100.0","Local","Group Call","2","RMHAM Sample","Off","CTCSS/DCS","Off","1","1","1","Off","0","1","None","None","Off","Off","Off","Off","Normal Encryption","Off","Off","Off","Off","0.0","0","Off","Off","Off","Off","Off","Off","1","0","Off","0","1","0","0","0","0","0","0","0"
"99","Pueblo West","448.97500","443.97500","A-Analog","High","25K","100.0","100.0","Local","Group Call","2","RMHAM Sample","Off","CTCSS/DCS","Off","1","1","1","Off","0","1","None","None","Off","Off","Off","Off","Normal Encryption","Off","Off","Off","Off","0.0","0","Off","Off","Off","Off","Off","Off","1","0","Off","0","1","0","0","0","0","0","0","0"
"100","Salida","449.97500","444.97500","A-Analog","High","25K","100.0","100.0","Local","Group Call","2","RMHAM Sample","Off","CTCSS/DCS","Off","1","1","1","Off","0","1","None","None","Off","Off","Off","Off","Normal Encryption","Off","Off","Off","Off","0.0","0","Off","Off","Off","Off","Off","Off","1","0","Off","0","1","0","0","0","0","0","0","0"
"101","Thorodin","449.22500","444.22500","A-Analog","High","25K","141.3","141.3","Local","Group Call","2","RMHAM Sample","Off","CTCSS/DCS","Off","1","1","1","Off","0","1","None","None","Off","Off","Off","Off","Normal Encryption","Off","Off","Off","Off","0.0","0","Off","Off","Off","Off","Off","Off","1","0","Off","0","1","0","0","0","0","0","0","0"
"102","Westcliffe","448.32500","443.32400","A-Analog","High","25K","100.0","100.0","Local","Group Call","2","RMHAM Sample","Off","CTCSS/DCS","Off","1","1","1","Off","0","1","None","None","Off","Off","Off","Off","Normal Encryption","Off","Off","Off","Off","0.0","0","Off","Off","Off","Off","Off","Off","1","0","Off","0","1","0","0","0","0","0","0","0"
"103","Westcreek","449.97500","444.97500","A-Analog","High","25K","100.0","100.0","Local","Group Call","2","RMHAM Sample","Off","CTCSS/DCS","Off","1","1","1","Off","0","1","None","None","Off","Off","Off","Off","Normal Encryption","Off","Off","Off","Off","0.0","0","Off","Off","Off","Off","Off","Off","1","0","Off","0","1","0","0","0","0","0","0","0"
"104","W0TX Local","446.78750","441.78750","D-Digital","High","12.5K","Off","Off","BM W0TX Lcl","Group Call","310804","RMHAM Sample","Different Color Code","Carrier","Off","1","1","1","Off","1","2","None","BM All","Off","Off","Off","Off","Normal Encryption","Off","Off","Off","Off","0.0","0","Off","Off","Off","Off","Off","Off","1","0","Off","0","1","0","0","0","0","0","0","0"
"105","W0TK Colorado","446.78750","441.78750","D-Digital","High","12.5K","Off","Off","BM Colorado","Group Call","3108","RMHAM Sample","Different Color Code","Carrier","Off","1","1","1","Off","1","1","None","BM All","Off","Off","Off","Off","Normal Encryption","Off","Off","Off","Off","0.0","0","Off","Off","Off","Off","Off","Off","1","0","Off","0","1","0","0","0","0","0","0","0"
"106","W0TX Mtn West","446.78750","441.78750","D-Digital","High","12.5K","Off","Off","BM MTN West","Group Call","31062","RMHAM Sample","Different Color Code","Carrier","Off","1","1","1","Off","1","1","None","BM All","Off","Off","Off","Off","Normal Encryption","Off","Off","Off","Off","0.0","0","Off","Off","Off","Off","Off","Off","1","0","Off","0","1","0","0","0","0","0","0","0"
"107","W0TX Parrot","446.78750","441.78750","D-Digital","High","12.5K","Off","Off","BM Parrot","Private Call","9990","RMHAM Sample","Different Color Code","Carrier","Off","1","1","1","Off","1","1","None","BM All","Off","Off","Off","Off","Normal Encryption","Off","Off","Off","Off","0.0","0","Off","Off","Off","Off","Off","Off","1","0","Off","0","1","0","0","0","0","0","0","0"
"108","W0TX T310","446.78750","441.78750","D-Digital","High","12.5K","Off","Off","Local","Group Call","2","RMHAM Sample","Different Color Code","Carrier","Off","1","1","1","Off","1","1","None","BM All","Off","Off","Off","Off","Normal Encryption","Off","Off","Off","Off","0.0","0","Off","Off","Off","Off","Off","Off","1","0","Off","0","1","0","0","0","0","0","0","0"
"109","W0TX TS1 Unlink","446.78750","441.78750","D-Digital","High","12.5K","Off","Off","BM Unlink","Group Call","4000","RMHAM Sample","Different Color Code","Carrier","Off","1","1","1","Off","1","1","None","BM All","Off","Off","Off","Off","Normal Encryption","Off","Off","Off","Off","0.0","0","Off","Off","Off","Off","Off","Off","1","0","Off","0","1","0","0","0","0","0","0","0"
"110","W0TX USA","446.78750","441.78750","D-Digital","High","12.5K","Off","Off","BM USA","Group Call","3100","RMHAM Sample","Different Color Code","Carrier","Off","1","1","1","Off","1","1","None","BM All","Off","Off","Off","Off","Normal Encryption","Off","Off","Off","Off","0.0","0","Off","Off","Off","Off","Off","Off","1","0","Off","0","1","0","0","0","0","0","0","0"
"111","W0TX WorldWide","446.78750","441.78750","D-Digital","High","12.5K","Off","Off","BM Worldwide","Group Call","91","RMHAM Sample","Different Color Code","Carrier","Off","1","1","1","Off","1","1","None","BM All","Off","Off","Off","Off","Normal Encryption","Off","Off","Off","Off","0.0","0","Off","Off","Off","Off","Off","Off","1","0","Off","0","1","0","0","0","0","0","0","0"
"112","SlvrH ARESDEC","446.82500","441.82500","D-Digital","High","12.5K","Off","Off","BM ARESDEC","Group Call","310842","RMHAM Sample","Different Color Code","Carrier","Off","1","1","1","Off","1","2","None","BM All","Off","Off","Off","Off","Normal Encryption","Off","Off","Off","Off","0.0","0","Off","Off","Off","Off","Off","Off","1","0","Off","0","1","0","0","0","0","0","0","0"
"113","SlvrH Colorado","446.82500","441.82500","D-Digital","High","12.5K","Off","Off","BM Colorado","Group Call","3108","RMHAM Sample","Different Color Code","Carrier","Off","1","1","1","Off","1","1","None","BM All","Off","Off","Off","Off","Normal Encryption","Off","Off","Off","Off","0.0","0","Off","Off","Off","Off","Off","Off","1","0","Off","0","1","0","0","0","0","0","0","0"
"114","SlvrH Mtn West","446.82500","441.82500","D-Digital","High","12.5K","Off","Off","BM MTN West","Group Call","31062","RMHAM Sample","Different Color Code","Carrier","Off","1","1","1","Off","1","1","None","BM All","Off","Off","Off","Off","Normal Encryption","Off","Off","Off","Off","0.0","0","Off","Off","Off","Off","Off","Off","1","0","Off","0","1","0","0","0","0","0","0","0"
"115","SlvrH Parrot","446.82500","441.82500","D-Digital","High","12.5K","Off","Off","BM Parrot","Private Call","9990","RMHAM Sample","Different Color Code","Carrier","Off","1","1","1","Off","1","1","None","BM All","Off","Off","Off","Off","Normal Encryption","Off","Off","Off","Off","0.0","0","Off","Off","Off","Off","Off","Off","1","0","Off","0","1","0","0","0","0","0","0","0"
"116","SlvrH T310","446.82500","441.82500","D-Digital","High","12.5K","Off","Off","Local","Group Call","2","RMHAM Sample","Different Color Code","Carrier","Off","1","1","1","Off","1","1","None","BM All","Off","Off","Off","Off","Normal Encryption","Off","Off","Off","Off","0.0","0","Off","Off","Off","Off","Off","Off","1","0","Off","0","1","0","0","0","0","0","0","0"
"117","SlvrH TS1 Unlink","446.82500","441.82500","D-Digital","High","12.5K","Off","Off","BM Unlink","Group Call","4000","RMHAM Sample","Different Color Code","Carrier","Off","1","1","1","Off","1","1","None","BM All","Off","Off","Off","Off","Normal Encryption","Off","Off","Off","Off","0.0","0","Off","Off","Off","Off","Off","Off","1","0","Off","0","1","0","0","0","0","0","0","0"
"118","SlvrH USA","446.82500","441.82500","D-Digital","High","12.5K","Off","Off","BM USA","Group Call","3100","RMHAM Sample","Different Color Code","Carrier","Off","1","1","1","Off","1","1","None","BM All","Off","Off","Off","Off","Normal Encryption","Off","Off","Off","Off","0.0","0","Off","Off","Off","Off","Off","Off","1","0","Off","0","1","0","0","0","0","0","0","0"
"119","SlvrH WorldWide","446.82500","441.82500","D-Digital","High","12.5K","Off","Off","BM Worldwide","Group Call","91","RMHAM Sample","Different Color Code","Carrier","Off","1","1","1","Off","1","1","None","BM All","Off","Off","Off","Off","Normal Encryption","Off","Off","Off","Off","0.0","0","Off","Off","Off","Off","Off","Off","1","0","Off","0","1","0","0","0","0","0","0","0"
"120","CCARC Hotspot 1","438.45000","438.45000","D-Digital","Low","12.5K","Off","Off","BM Colorado","Group Call","3108","RMHAM Sample","Always","Carrier","Off","1","1","1","Off","1","2","None","BM All","Off","Off","Off","Off","Normal Encryption","Off","Off","Off","Off","0.0","0","Off","Off","Off","Off","Off","Off","1","0","Off","0","1","0","0","0","0","0","0","0"
"121","CCARC Hotspot 2","438.47500","438.47500","D-Digital","Low","12.5K","Off","Off","BM Colorado","Group Call","3108","RMHAM Sample","Always","Carrier","Off","1","1","1","Off","1","2","None","BM All","Off","Off","Off","Off","Normal Encryption","Off","Off","Off","Off","0.0","0","Off","Off","Off","Off","Off","Off","1","0","Off","0","1","0","0","0","0","0","0","0"
"122","CCARC Hotspot 3","438.50000","438.50000","D-Digital","Low","12.5K","Off","Off","BM Colorado","Group Call","3108","RMHAM Sample","Always","Carrier","Off","1","1","1","Off","1","2","None","BM All","Off","Off","Off","Off","Normal Encryption","Off","Off","Off","Off","0.0","0","Off","Off","Off","Off","Off","Off","1","0","Off","0","1","0","0","0","0","0","0","0"
"123","CCARC Hotspot 4","438.52500","438.52500","D-Digital","Low","12.5K","Off","Off","BM Colorado","Group Call","3108","RMHAM Sample","Always","Carrier","Off","1","1","1","Off","1","2","None","BM All","Off","Off","Off","Off","Normal Encryption","Off","Off","Off","Off","0.0","0","Off","Off","Off","Off","Off","Off","1","0","Off","0","1","0","0","0","0","0","0","0"
"124","CCARC Hotspot 5","438.55000","438.55000","D-Digital","Low","12.5K","Off","Off","BM Colorado","Group Call","3108","RMHAM Sample","Always","Carrier","Off","1","1","1","Off","1","2","None","BM All","Off","Off","Off","Off","Normal Encryption","Off","Off","Off","Off","0.0","0","Off","Off","Off","Off","Off","Off","1","0","Off","0","1","0","0","0","0","0","0","0"
"125","CCARC Hotspot 6","438.57500","438.57500","D-Digital","Low","12.5K","Off","Off","BM Colorado","Group Call","3108","RMHAM Sample","Always","Carrier","Off","1","1","1","Off","1","2","None","BM All","Off","Off","Off","Off","Normal Encryption","Off","Off","Off","Off","0.0","0","Off","Off","Off","Off","Off","Off","1","0","Off","0","1","0","0","0","0","0","0","0"
"126","CCARC Hotspot 7","438.60000","438.60000","D-Digital","Low","12.5K","Off","Off","BM Colorado","Group Call","3108","RMHAM Sample","Always","Carrier","Off","1","1","1","Off","1","2","None","BM All","Off","Off","Off","Off","Normal Encryption","Off","Off","Off","Off","0.0","0","Off","Off","Off","Off","Off","Off","1","0","Off","0","1","0","0","0","0","0","0","0"
"127","CCARC Hotspot 8","438.62500","438.62500","D-Digital","Low","12.5K","Off","Off","BM Colorado","Group Call","3108","RMHAM Sample","Always","Carrier","Off","1","1","1","Off","1","2","None","BM All","Off","Off","Off","Off","Normal Encryption","Off","Off","Off","Off","0.0","0","Off","Off","Off","Off","Off","Off","1","0","Off","0","1","0","0","0","0","0","0","0"
"128","CCARC Hotspot 9","438.65000","438.65000","D-Digital","Low","12.5K","Off","Off","BM Colorado","Group Call","3108","RMHAM Sample","Always","Carrier","Off","1","1","1","Off","1","2","None","BM All","Off","Off","Off","Off","Normal Encryption","Off","Off","Off","Off","0.0","0","Off","Off","Off","Off","Off","Off","1","0","Off","0","1","0","0","0","0","0","0","0"
"129","CCARC Hotspot 10","438.67500","438.67500","D-Digital","Low","12.5K","Off","Off","BM Colorado","Group Call","3108","RMHAM Sample","Always","Carrier","Off","1","1","1","Off","1","2","None","BM All","Off","Off","Off","Off","Normal Encryption","Off","Off","Off","Off","0.0","0","Off","Off","Off","Off","Off","Off","1","0","Off","0","1","0","0","0","0","0","0","0"
"130","446.000 Simplex","446.00000","446.00000","A-Analog","High","25K","Off","Off","Local","Group Call","2","RMHAM Sample","Off","Carrier","Off","1","1","1","Off","0","1","None","None","Off","Off","Off","Off","Normal Encryption","Off","Off","Off","Off","0.0","0","Off","Off","Off","Off","Off","Off","1","0","Off","0","1","0","0","0","0","0","0","0"
"131","446.000 Smplx PL","446.00000","446.00000","A-Analog","High","25K","141.3","141.3","Local","Group Call","2","RMHAM Sample","Off","CTCSS/DCS","Off","1","1","1","Off","0","1","None","None","Off","Off","Off","Off","Normal Encryption","Off","Off","Off","Off","0.0","0","Off","Off","Off","Off","Off","Off","1","0","Off","0","1","0","0","0","0","0","0","0"
"132","446.025 Simplex","446.02500","446.02500","A-Analog","High","25K","Off","Off","Local","Group Call","2","RMHAM Sample","Off","Carrier","Off","1","1","1","Off","0","1","None","None","Off","Off","Off","Off","Normal Encryption","Off","Off","Off","Off","0.0","0","Off","Off","Off","Off","Off","Off","1","0","Off","0","1","0","0","0","0","0","0","0"
"133","446.025 Smplx PL","446.02500","446.02500","A-Analog","High","25K","141.3","141.3","Local","Group Call","2","RMHAM Sample","Off","CTCSS/DCS","Off","1","1","1","Off","0","1","None","None","Off","Off","Off","Off","Normal Encryption","Off","Off","Off","Off","0.0","0","Off","Off","Off","Off","Off","Off","1","0","Off","0","1","0","0","0","0","0","0","0"
"134","446.050 Simplex","446.05000","446.05000","A-Analog","High","25K","Off","Off","Local","Group Call","2","RMHAM Sample","Off","Carrier","Off","1","1","1","Off","0","1","None","None","Off","Off","Off","Off","Normal Encryption","Off","Off","Off","Off","0.0","0","Off","Off","Off","Off","Off","Off","1","0","Off","0","1","0","0","0","0","0","0","0"
"135","446.050 Smplx PL","446.05000","446.05000","A-Analog","High","25K","141.3","141.3","Local","Group Call","2","RMHAM Sample","Off","CTCSS/DCS","Off","1","1","1","Off","0","1","None","None","Off","Off","Off","Off","Normal Encryption","Off","Off","Off","Off","0.0","0","Off","On","Off","Off","Off","Off","1","0","Off","0","0","0","0","0","0","0","0","0"
"136","446.075 Simplex","446.07500","446.07500","A-Analog","High","25K","Off","Off","Local","Group Call","2","RMHAM Sample","Off","Carrier","Off","1","1","1","Off","0","1","None","None","Off","Off","Off","Off","Normal Encryption","Off","Off","Off","Off","0.0","0","Off","On","Off","Off","Off","Off","1","0","Off","0","0","0","0","0","0","0","0","0"
"137","446.075 Smplx PL","446.07500","446.07500","A-Analog","High","25K","141.3","141.3","Local","Group Call","2","RMHAM Sample","Off","CTCSS/DCS","Off","1","1","1","Off","0","1","None","None","Off","Off","Off","Off","Normal Encryption","Off","Off","Off","Off","0.0","0","Off","On","Off","Off","Off","Off","1","0","Off","0","0","0","0","0","0","0","0","0"
"138","446.100 Simplex","446.10000","446.10000","A-Analog","High","25K","Off","Off","Local","Group Call","2","RMHAM Sample","Off","Carrier","Off","1","1","1","Off","0","1","None","None","Off","Off","Off","Off","Normal Encryption","Off","Off","Off","Off","0.0","0","Off","On","Off","Off","Off","Off","1","0","Off","0","0","0","0","0","0","0","0","0"
"139","446.100 Smplx PL","446.10000","446.10000","A-Analog","High","25K","141.3","141.3","Local","Group Call","2","RMHAM Sample","Off","CTCSS/DCS","Off","1","1","1","Off","0","1","None","None","Off","Off","Off","Off","Normal Encryption","Off","Off","Off","Off","0.0","0","Off","On","Off","Off","Off","Off","1","0","Off","0","0","0","0","0","0","0","0","0"
"140","446.125 Simplex","446.12500","446.12500","A-Analog","High","25K","Off","Off","Local","Group Call","2","RMHAM Sample","Off","Carrier","Off","1","1","1","Off","0","1","None","None","Off","Off","Off","Off","Normal Encryption","Off","Off","Off","Off","0.0","0","Off","On","Off","Off","Off","Off","1","0","Off","0","0","0","0","0","0","0","0","0"
"141","446.125 Smplx PL","446.12500","446.12500","A-Analog","High","25K","141.3","141.3","Local","Group Call","2","RMHAM Sample","Off","CTCSS/DCS","Off","1","1","1","Off","0","1","None","None","Off","Off","Off","Off","Normal Encryption","Off","Off","Off","Off","0.0","0","Off","On","Off","Off","Off","Off","1","0","Off","0","0","0","0","0","0","0","0","0"
"142","446.150 Simplex","446.15000","446.15000","A-Analog","High","25K","Off","Off","Local","Group Call","2","RMHAM Sample","Off","Carrier","Off","1","1","1","Off","0","1","None","None","Off","Off","Off","Off","Normal Encryption","Off","Off","Off","Off","0.0","0","Off","On","Off","Off","Off","Off","1","0","Off","0","0","0","0","0","0","0","0","0"
"143","446.150 Smplx PL","446.15000","446.15000","A-Analog","High","25K","141.3","141.3","Local","Group Call","2","RMHAM Sample","Off","CTCSS/DCS","Off","1","1","1","Off","0","1","None","None","Off","Off","Off","Off","Normal Encryption","Off","Off","Off","Off","0.0","0","Off","On","Off","Off","Off","Off","1","0","Off","0","0","0","0","0","0","0","0","0"
"144","446.175 Simplex","446.17500","446.17500","A-Analog","High","25K","Off","Off","Local","Group Call","2","RMHAM Sample","Off","Carrier","Off","1","1","1","Off","0","1","None","None","Off","Off","Off","Off","Normal Encryption","Off","Off","Off","Off","0.0","0","Off","On","Off","Off","Off","Off","1","0","Off","0","0","0","0","0","0","0","0","0"
"145","446.175 Smplx PL","446.17500","446.17500","A-Analog","High","25K","141.3","141.3","Local","Group Call","2","RMHAM Sample","Off","CTCSS/DCS","Off","1","1","1","Off","0","1","None","None","Off","Off","Off","Off","Normal Encryption","Off","Off","Off","Off","0.0","0","Off","Off","Off","Off","Off","Off","1","0","Off","0","1","0","0","0","0","0","0","0"
"146","446.200 Simplex","446.20000","446.20000","A-Analog","High","12.5K","Off","Off","Local","Group Call","2","RMHAM Sample","Off","Carrier","Off","1","1","1","Off","0","1","None","None","Off","Off","Off","Off","Normal Encryption","Off","Off","Off","Off","0.0","0","Off","Off","Off","Off","Off","Off","1","0","Off","0","1","0","0","0","0","0","0","0"
"147","446.200 SmplxDCS","446.20000","446.20000","A-Analog","High","12.5K","D023N","D023N","Local","Group Call","2","RMHAM Sample","Off","CTCSS/DCS","Off","1","1","1","Off","0","1","None","None","Off","Off","Off","Off","Normal Encryption","Off","Off","Off","Off","0.0","0","Off","Off","Off","Off","Off","Off","1","0","Off","0","1","0","0","0","0","0","0","0"
"148","446.225 Simplex","446.22500","446.22500","A-Analog","High","12.5K","Off","Off","Local","Group Call","2","RMHAM Sample","Off","Carrier","Off","1","1","1","Off","0","1","None","None","Off","Off","Off","Off","Normal Encryption","Off","Off","Off","Off","0.0","0","Off","Off","Off","Off","Off","Off","1","0","Off","0","1","0","0","0","0","0","0","0"
"149","446.225 SmplxDCS","446.22500","446.22500","A-Analog","High","12.5K","D023N","D023N","Local","Group Call","2","RMHAM Sample","Off","CTCSS/DCS","Off","1","1","1","Off","0","1","None","None","Off","Off","Off","Off","Normal Encryption","Off","Off","Off","Off","0.0","0","Off","Off","Off","Off","Off","Off","1","0","Off","0","1","0","0","0","0","0","0","0"
"150","446.250 Simplex","446.25000","446.25000","A-Analog","High","12.5K","Off","Off","Local","Group Call","2","RMHAM Sample","Off","Carrier","Off","1","1","1","Off","0","1","None","None","Off","Off","Off","Off","Normal Encryption","Off","Off","Off","Off","0.0","0","Off","Off","Off","Off","Off","Off","1","0","Off","0","1","0","0","0","0","0","0","0"
"151","446.250 SmplxDCS","446.25000","446.22500","A-Analog","High","12.5K","D023N","D023N","Local","Group Call","2","RMHAM Sample","Off","CTCSS/DCS","Off","1","1","1","Off","0","1","None","None","Off","Off","Off","Off","Normal Encryption","Off","Off","Off","Off","0.0","0","Off","Off","Off","Off","Off","Off","1","0","Off","0","1","0","0","0","0","0","0","0"
"152","446.275 Simplex","446.27500","446.27500","A-Analog","High","12.5K","Off","Off","Local","Group Call","2","RMHAM Sample","Off","Carrier","Off","1","1","1","Off","0","1","None","None","Off","Off","Off","Off","Normal Encryption","Off","Off","Off","Off","0.0","0","Off","Off","Off","Off","Off","Off","1","0","Off","0","1","0","0","0","0","0","0","0"
"153","446.275 SmplxDCS","446.27500","446.27500","A-Analog","High","12.5K","D023N","D023N","Local","Group Call","2","RMHAM Sample","Off","CTCSS/DCS","Off","1","1","1","Off","0","1","None","None","Off","Off","Off","Off","Normal Encryption","Off","Off","Off","Off","0.0","0","Off","Off","Off","Off","Off","Off","1","0","Off","0","1","0","0","0","0","0","0","0"
"154","446.300 Simplex","446.30000","446.30000","A-Analog","High","12.5K","Off","Off","Local","Group Call","2","RMHAM Sample","Off","Carrier","Off","1","1","1","Off","0","1","None","None","Off","Off","Off","Off","Normal Encryption","Off","Off","Off","Off","0.0","0","Off","Off","Off","Off","Off","Off","1","0","Off","0","1","0","0","0","0","0","0","0"
"155","446.300 SmplxDCS","446.30000","446.30000","A-Analog","High","12.5K","D023N","D023N","Local","Group Call","2","RMHAM Sample","Off","CTCSS/DCS","Off","1","1","1","Off","0","1","None","None","Off","Off","Off","Off","Normal Encryption","Off","Off","Off","Off","0.0","0","Off","Off","Off","Off","Off","Off","1","0","Off","0","1","0","0","0","0","0","0","0"
"156","446.2000 SX Dig","446.20000","446.20000","D-Digital","High","12.5K","Off","Off","All Call","All Call","16777215","RMHAM Sample","Different Color Code","Carrier","Off","1","1","1","Off","1","1","None","None","Off","Off","Off","Off","Normal Encryption","Off","Off","Off","Off","0.0","0","Off","Off","Off","Off","Off","Off","1","0","Off","0","1","0","0","0","0","0","0","0"
"157","446.2125 SX Dig","446.21250","446.21250","D-Digital","High","12.5K","Off","Off","All Call","All Call","16777215","RMHAM Sample","Different Color Code","Carrier","Off","1","1","1","Off","1","1","None","None","Off","Off","Off","Off","Normal Encryption","Off","Off","Off","Off","0.0","0","Off","Off","Off","Off","Off","Off","1","0","Off","0","1","0","0","0","0","0","0","0"
"158","446.2250 SX Dig","446.22500","446.22500","D-Digital","High","12.5K","Off","Off","All Call","All Call","16777215","RMHAM Sample","Different Color Code","Carrier","Off","1","1","1","Off","1","1","None","None","Off","Off","Off","Off","Normal Encryption","Off","Off","Off","Off","0.0","0","Off","Off","Off","Off","Off","Off","1","0","Off","0","1","0","0","0","0","0","0","0"
"159","446.2375 SX Dig","446.23750","446.23750","D-Digital","High","12.5K","Off","Off","All Call","All Call","16777215","RMHAM Sample","Different Color Code","Carrier","Off","1","1","1","Off","1","1","None","None","Off","Off","Off","Off","Normal Encryption","Off","Off","Off","Off","0.0","0","Off","Off","Off","Off","Off","Off","1","0","Off","0","1","0","0","0","0","0","0","0"
"160","446.2500 SX Dig","446.25000","446.25000","D-Digital","High","12.5K","Off","Off","All Call","All Call","16777215","RMHAM Sample","Different Color Code","Carrier","Off","1","1","1","Off","1","1","None","None","Off","Off","Off","Off","Normal Encryption","Off","Off","Off","Off","0.0","0","Off","Off","Off","Off","Off","Off","1","0","Off","0","1","0","0","0","0","0","0","0"
"161","446.2625 SX Dig","446.26250","446.26250","D-Digital","High","12.5K","Off","Off","All Call","All Call","16777215","RMHAM Sample","Different Color Code","Carrier","Off","1","1","1","Off","1","1","None","None","Off","Off","Off","Off","Normal Encryption","Off","Off","Off","Off","0.0","0","Off","Off","Off","Off","Off","Off","1","0","Off","0","1","0","0","0","0","0","0","0"
"162","446.2750 SX Dig","446.27500","446.27500","D-Digital","High","12.5K","Off","Off","All Call","All Call","16777215","RMHAM Sample","Different Color Code","Carrier","Off","1","1","1","Off","1","1","None","None","Off","Off","Off","Off","Normal Encryption","Off","Off","Off","Off","0.0","0","Off","Off","Off","Off","Off","Off","1","0","Off","0","1","0","0","0","0","0","0","0"
"163","446.2875 SX Dig","446.28750","446.28750","D-Digital","High","12.5K","Off","Off","All Call","All Call","16777215","RMHAM Sample","Different Color Code","Carrier","Off","1","1","1","Off","1","1","None","None","Off","Off","Off","Off","Normal Encryption","Off","Off","Off","Off","0.0","0","Off","Off","Off","Off","Off","Off","1","0","Off","0","1","0","0","0","0","0","0","0"
"164","446.3000 SX Dig","446.30000","446.30000","D-Digital","High","12.5K","Off","Off","All Call","All Call","16777215","RMHAM Sample","Different Color Code","Carrier","Off","1","1","1","Off","1","1","None","None","Off","Off","Off","Off","Normal Encryption","Off","Off","Off","Off","0.0","0","Off","Off","Off","Off","Off","Off","1","0","Off","0","1","0","0","0","0","0","0","0"
"165","DMR.MARC Simplex","446.07500","446.07500","D-Digital","High","12.5K","Off","Off","DMR MARC Simplex","Group Call","99","RMHAM Sample","Different Color Code","Carrier","Off","1","1","1","Off","1","1","None","DMR MARC Simplex","Off","Off","Off","Off","Normal Encryption","Off","Off","Off","Off","0.0","0","Off","Off","Off","Off","Off","Off","1","0","Off","0","1","0","0","0","0","0","0","0"
"166","438.225 91.5","438.22500","433.22500","A-Analog","High","25K","91.5","91.5","Local","Group Call","2","RMHAM Sample","Off","CTCSS/DCS","Off","1","1","1","Off","0","1","None","None","Off","Off","Off","Off","Normal Encryption","Off","Off","Off","Off","0.0","0","Off","Off","Off","Off","Off","Off","1","0","Off","0","1","0","0","0","0","0","0","0"
"167","447.125 91.5","447.12500","442.12500","A-Analog","High","25K","91.5","91.5","Local","Group Call","2","RMHAM Sample","Off","CTCSS/DCS","Off","1","1","1","Off","0","1","HAM 447","None","Off","Off","Off","Off","Normal Encryption","Off","Off","Off","Off","0.0","0","Off","Off","Off","Off","Off","Off","1","0","Off","0","1","0","0","0","0","0","0","0"
"168","447.150 107.2","447.15000","442.15000","A-Analog","High","25K","Off","107.2","Local","Group Call","2","RMHAM Sample","Off","Carrier","Off","1","1","1","Off","0","1","HAM 447","None","Off","Off","Off","Off","Normal Encryption","Off","Off","Off","Off","0.0","0","Off","Off","Off","Off","Off","Off","1","0","Off","0","1","0","0","0","0","0","0","0"
"169","447.175 186.2","447.17500","442.17500","A-Analog","High","25K","Off","186.2","Local","Group Call","2","RMHAM Sample","Off","Carrier","Off","1","1","1","Off","0","1","HAM 447","None","Off","Off","Off","Off","Normal Encryption","Off","Off","Off","Off","0.0","0","Off","Off","Off","Off","Off","Off","1","0","Off","0","1","0","0","0","0","0","0","0"
"170","447.225 103.5","447.22500","442.22500","A-Analog","High","25K","103.5","103.5","Local","Group Call","2","RMHAM Sample","Off","CTCSS/DCS","Off","1","1","1","Off","0","1","HAM 447","None","Off","Off","Off","Off","Normal Encryption","Off","Off","Off","Off","0.0","0","Off","Off","Off","Off","Off","Off","1","0","Off","0","1","0","0","0","0","0","0","0"
"171","447.225 141.3","447.22500","442.22500","A-Analog","High","25K","141.3","141.3","Local","Group Call","2","RMHAM Sample","Off","CTCSS/DCS","Off","1","1","1","Off","0","1","HAM 447","None","Off","Off","Off","Off","Normal Encryption","Off","Off","Off","Off","0.0","0","Off","Off","Off","Off","Off","Off","1","0","Off","0","1","0","0","0","0","0","0","0"
"172","447.275 100.0","447.27500","442.27500","A-Analog","High","25K","Off","100.0","Local","Group Call","2","RMHAM Sample","Off","Carrier","Off","1","1","1","Off","0","1","HAM 447","None","Off","Off","Off","Off","Normal Encryption","Off","Off","Off","Off","0.0","0","Off","Off","Off","Off","Off","Off","1","0","Off","0","1","0","0","0","0","0","0","0"
"173","447.300 BZZ Rptr","447.30000","442.30000","A-Analog","High","25K","141.3","141.3","Local","Group Call","2","RMHAM Sample","Off","CTCSS/DCS","Off","1","1","1","Off","0","1","HAM 447","None","Off","Off","Off","Off","Normal Encryption","Off","Off","Off","Off","0.0","0","Off","Off","Off","Off","Off","Off","1","0","Off","0","1","0","0","0","0","0","0","0"
"174","447.350 151.4","447.35000","442.35000","A-Analog","High","25K","151.4","151.4","Local","Group Call","2","RMHAM Sample","Off","CTCSS/DCS","Off","1","1","1","Off","0","1","HAM 447","None","Off","Off","Off","Off","Normal Encryption","Off","Off","Off","Off","0.0","0","Off","Off","Off","Off","Off","Off","1","0","Off","0","1","0","0","0","0","0","0","0"
"175","447.450 123.0","447.45000","442.45000","A-Analog","High","25K","Off","123.0","Local","Group Call","2","RMHAM Sample","Off","Carrier","Off","1","1","1","Off","0","1","HAM 447","None","Off","Off","Off","Off","Normal Encryption","Off","Off","Off","Off","0.0","0","Off","Off","Off","Off","Off","Off","1","0","Off","0","1","0","0","0","0","0","0","0"
"176","447.500 88.5","447.50000","442.50000","A-Analog","High","25K","Off","88.5","Local","Group Call","2","RMHAM Sample","Off","Carrier","Off","1","1","1","Off","0","1","HAM 447","None","Off","Off","Off","Off","Normal Encryption","Off","Off","Off","Off","0.0","0","Off","Off","Off","Off","Off","Off","1","0","Off","0","1","0","0","0","0","0","0","0"
"177","447.650 141.3","447.65000","442.65000","A-Analog","High","25K","141.3","141.3","Local","Group Call","2","RMHAM Sample","Off","CTCSS/DCS","Off","1","1","1","Off","0","1","HAM 447","None","Off","Off","Off","Off","Normal Encryption","Off","Off","Off","Off","0.0","0","Off","Off","Off","Off","Off","Off","1","0","Off","0","1","0","0","0","0","0","0","0"
"178","447.700 100.0","447.70000","442.70000","A-Analog","High","25K","100.0","100.0","Local","Group Call","2","RMHAM Sample","Off","CTCSS/DCS","Off","1","1","1","Off","0","1","HAM 447","None","Off","Off","Off","Off","Normal Encryption","Off","Off","Off","Off","0.0","0","Off","Off","Off","Off","Off","Off","1","0","Off","0","1","0","0","0","0","0","0","0"
"179","447.750 141.3","447.75000","442.75000","A-Analog","High","25K","141.3","141.3","Local","Group Call","2","RMHAM Sample","Off","CTCSS/DCS","Off","1","1","1","Off","0","1","HAM 447","None","Off","Off","Off","Off","Normal Encryption","Off","Off","Off","Off","0.0","0","Off","Off","Off","Off","Off","Off","1","0","Off","0","1","0","0","0","0","0","0","0"
"180","447.825 NB 073","447.82500","442.82500","A-Analog","High","12.5K","D073N","D073N","Local","Group Call","2","RMHAM Sample","Off","CTCSS/DCS","Off","1","1","1","Off","0","1","HAM 447","None","Off","Off","Off","Off","Normal Encryption","Off","Off","Off","Off","0.0","0","Off","Off","Off","Off","Off","Off","1","0","Off","0","1","0","0","0","0","0","0","0"
"181","447.925 100.0","447.92500","442.92500","A-Analog","High","25K","Off","100.0","Local","Group Call","2","RMHAM Sample","Off","Carrier","Off","1","1","1","Off","0","1","HAM 447","None","Off","Off","Off","Off","Normal Encryption","Off","Off","Off","Off","0.0","0","Off","Off","Off","Off","Off","Off","1","0","Off","0","1","0","0","0","0","0","0","0"
"182","447.975 107.2","447.97500","442.97500","A-Analog","High","25K","Off","107.2","Local","Group Call","2","RMHAM Sample","Off","Carrier","Off","1","1","1","Off","0","1","HAM 447","None","Off","Off","Off","Off","Normal Encryption","Off","Off","Off","Off","0.0","0","Off","Off","Off","Off","Off","Off","1","0","Off","0","1","0","0","0","0","0","0","0"
"183","448.025 100.0","448.02500","443.02500","A-Analog","High","25K","Off","100.0","Local","Group Call","2","RMHAM Sample","Off","Carrier","Off","1","1","1","Off","0","1","HAM 448","None","Off","Off","Off","Off","Normal Encryption","Off","Off","Off","Off","0.0","0","Off","Off","Off","Off","Off","Off","1","0","Off","0","1","0","0","0","0","0","0","0"
"184","448.050 K0PWO1","448.05000","443.05000","A-Analog","High","25K","179.9","179.9","Local","Group Call","2","RMHAM Sample","Off","CTCSS/DCS","Off","1","1","1","Off","0","1","HAM 448","None","Off","Off","Off","Off","Normal Encryption","Off","Off","Off","Off","0.0","0","Off","Off","Off","Off","Off","Off","1","0","Off","0","1","0","0","0","0","0","0","0"
"185","448.050 K0PWO2","448.05000","443.05000","A-Analog","High","25K","D023N","D023N","Local","Group Call","2","RMHAM Sample","Off","CTCSS/DCS","Off","1","1","1","Off","0","1","HAM 448","None","Off","Off","Off","Off","Normal Encryption","Off","Off","Off","Off","0.0","0","Off","Off","Off","Off","Off","Off","1","0","Off","0","1","0","0","0","0","0","0","0"
"186","448.075 123.0","448.07500","443.07500","A-Analog","High","25K","Off","123.0","Local","Group Call","2","RMHAM Sample","Off","Carrier","Off","1","1","1","Off","0","1","HAM 448","None","Off","Off","Off","Off","Normal Encryption","Off","Off","Off","Off","0.0","0","Off","Off","Off","Off","Off","Off","1","0","Off","0","1","0","0","0","0","0","0","0"
"187","448.125 107.2","448.12500","443.12500","A-Analog","High","25K","Off","107.2","Local","Group Call","2","RMHAM Sample","Off","Carrier","Off","1","1","1","Off","0","1","HAM 448","None","Off","Off","Off","Off","Normal Encryption","Off","Off","Off","Off","0.0","0","Off","Off","Off","Off","Off","Off","1","0","Off","0","1","0","0","0","0","0","0","0"
"188","448.200 141.3","448.20000","443.20000","A-Analog","High","25K","141.3","141.3","Local","Group Call","2","RMHAM Sample","Off","CTCSS/DCS","Off","1","1","1","Off","0","1","HAM 448","None","Off","Off","Off","Off","Normal Encryption","Off","Off","Off","Off","0.0","0","Off","Off","Off","Off","Off","Off","1","0","Off","0","1","0","0","0","0","0","0","0"
"189","448.200 NB 023","448.20000","443.20000","A-Analog","High","12.5K","D023N","D023N","Local","Group Call","2","RMHAM Sample","Off","CTCSS/DCS","Off","1","1","1","Off","0","1","HAM 448","None","Off","Off","Off","Off","Normal Encryption","Off","Off","Off","Off","0.0","0","Off","Off","Off","Off","Off","Off","1","0","Off","0","1","0","0","0","0","0","0","0"
"190","448.225 141.3","448.22500","443.22500","A-Analog","High","25K","Off","141.3","Local","Group Call","2","RMHAM Sample","Off","Carrier","Off","1","1","1","Off","0","1","HAM 448","None","Off","Off","Off","Off","Normal Encryption","Off","Off","Off","Off","0.0","0","Off","Off","Off","Off","Off","Off","1","0","Off","0","1","0","0","0","0","0","0","0"
"191","448.325 K0PWO3","448.32500","443.32500","A-Analog","High","25K","179.9","179.9","Local","Group Call","2","RMHAM Sample","Off","CTCSS/DCS","Off","1","1","1","Off","0","1","HAM 448","None","Off","Off","Off","Off","Normal Encryption","Off","Off","Off","Off","0.0","0","Off","Off","Off","Off","Off","Off","1","0","Off","0","1","0","0","0","0","0","0","0"
"192","448.325 K0PWO4","448.32500","443.32500","A-Analog","High","25K","D023N","D023N","Local","Group Call","2","RMHAM Sample","Off","CTCSS/DCS","Off","1","1","1","Off","0","1","HAM 448","None","Off","Off","Off","Off","Normal Encryption","Off","Off","Off","Off","0.0","0","Off","Off","Off","Off","Off","Off","1","0","Off","0","1","0","0","0","0","0","0","0"
"193","448.450 100.0","448.45000","443.45000","A-Analog","High","25K","100.0","100.0","Local","Group Call","2","RMHAM Sample","Off","CTCSS/DCS","Off","1","1","1","Off","0","1","HAM 448","None","Off","Off","Off","Off","Normal Encryption","Off","Off","Off","Off","0.0","0","Off","Off","Off","Off","Off","Off","1","0","Off","0","1","0","0","0","0","0","0","0"
"194","448.475 100.0","448.47500","443.47500","A-Analog","High","25K","Off","100.0","Local","Group Call","2","RMHAM Sample","Off","Carrier","Off","1","1","1","Off","0","1","HAM 448","None","Off","Off","Off","Off","Normal Encryption","Off","Off","Off","Off","0.0","0","Off","Off","Off","Off","Off","Off","1","0","Off","0","1","0","0","0","0","0","0","0"
"195","448.500 100.0","448.50000","443.50000","A-Analog","High","25K","Off","100.0","Local","Group Call","2","RMHAM Sample","Off","Carrier","Off","1","1","1","Off","0","1","HAM 448","None","Off","Off","Off","Off","Normal Encryption","Off","Off","Off","Off","0.0","0","Off","Off","Off","Off","Off","Off","1","0","Off","0","1","0","0","0","0","0","0","0"
"196","448.625 100.0","448.62500","443.62500","A-Analog","High","25K","Off","100.0","Local","Group Call","2","RMHAM Sample","Off","Carrier","Off","1","1","1","Off","0","1","HAM 448","None","Off","Off","Off","Off","Normal Encryption","Off","Off","Off","Off","0.0","0","Off","Off","Off","Off","Off","Off","1","0","Off","0","1","0","0","0","0","0","0","0"
"197","448.675 100.0","448.62500","443.62500","A-Analog","High","25K","Off","100.0","Local","Group Call","2","RMHAM Sample","Off","Carrier","Off","1","1","1","Off","0","1","HAM 448","None","Off","Off","Off","Off","Normal Encryption","Off","Off","Off","Off","0.0","0","Off","Off","Off","Off","Off","Off","1","0","Off","0","1","0","0","0","0","0","0","0"
"198","448.700 146.2","448.70000","443.70000","A-Analog","High","25K","Off","146.2","Local","Group Call","2","RMHAM Sample","Off","Carrier","Off","1","1","1","Off","0","1","HAM 448","None","Off","Off","Off","Off","Normal Encryption","Off","Off","Off","Off","0.0","0","Off","Off","Off","Off","Off","Off","1","0","Off","0","1","0","0","0","0","0","0","0"
"199","448.850 88.5","448.85000","443.85000","A-Analog","High","25K","Off","88.5","Local","Group Call","2","RMHAM Sample","Off","Carrier","Off","1","1","1","Off","0","1","HAM 448","None","Off","Off","Off","Off","Normal Encryption","Off","Off","Off","Off","0.0","0","Off","Off","Off","Off","Off","Off","1","0","Off","0","1","0","0","0","0","0","0","0"
"200","448.900 100.0","448.90000","443.90000","A-Analog","High","25K","Off","100.0","Local","Group Call","2","RMHAM Sample","Off","Carrier","Off","1","1","1","Off","0","1","HAM 448","None","Off","Off","Off","Off","Normal Encryption","Off","Off","Off","Off","0.0","0","Off","Off","Off","Off","Off","Off","1","0","Off","0","1","0","0","0","0","0","0","0"
"201","448.975 100.0","448.97500","443.97500","A-Analog","High","25K","100.0","100.0","Local","Group Call","2","RMHAM Sample","Off","CTCSS/DCS","Off","1","1","1","Off","0","1","HAM 448","None","Off","Off","Off","Off","Normal Encryption","Off","Off","Off","Off","0.0","0","Off","Off","Off","Off","Off","Off","1","0","Off","0","1","0","0","0","0","0","0","0"
"202","448.975 123.0","448.97500","443.97500","A-Analog","High","25K","Off","123.0","Local","Group Call","2","RMHAM Sample","Off","Carrier","Off","1","1","1","Off","0","1","HAM 448","None","Off","Off","Off","Off","Normal Encryption","Off","Off","Off","Off","0.0","0","Off","Off","Off","Off","Off","Off","1","0","Off","0","1","0","0","0","0","0","0","0"
"203","449.050 107.2","449.05000","444.05000","A-Analog","High","25K","Off","107.2","Local","Group Call","2","RMHAM Sample","Off","Carrier","Off","1","1","1","Off","0","1","HAM 449","None","Off","Off","Off","Off","Normal Encryption","Off","Off","Off","Off","0.0","0","Off","Off","Off","Off","Off","Off","1","0","Off","0","1","0","0","0","0","0","0","0"
"204","449.075 141.3","449.07500","444.07500","A-Analog","High","25K","141.3","141.3","Local","Group Call","2","RMHAM Sample","Off","CTCSS/DCS","Off","1","1","1","Off","0","1","HAM 449","None","Off","Off","Off","Off","Normal Encryption","Off","Off","Off","Off","0.0","0","Off","Off","Off","Off","Off","Off","1","0","Off","0","1","0","0","0","0","0","0","0"
"205","449.100 141.3","449.10000","444.10000","A-Analog","High","25K","141.3","141.3","Local","Group Call","2","RMHAM Sample","Off","CTCSS/DCS","Off","1","1","1","Off","0","1","HAM 449","None","Off","Off","Off","Off","Normal Encryption","Off","Off","Off","Off","0.0","0","Off","Off","Off","Off","Off","Off","1","0","Off","0","1","0","0","0","0","0","0","0"
"206","449.125 103.5","449.12500","444.12500","A-Analog","High","25K","Off","103.5","Local","Group Call","2","RMHAM Sample","Off","Carrier","Off","1","1","1","Off","0","1","HAM 449","None","Off","Off","Off","Off","Normal Encryption","Off","Off","Off","Off","0.0","0","Off","Off","Off","Off","Off","Off","1","0","Off","0","1","0","0","0","0","0","0","0"
"207","449.350 100.0","449.35000","444.35000","A-Analog","High","25K","Off","100.0","Local","Group Call","2","RMHAM Sample","Off","Carrier","Off","1","1","1","Off","0","1","HAM 449","None","Off","Off","Off","Off","Normal Encryption","Off","Off","Off","Off","0.0","0","Off","Off","Off","Off","Off","Off","1","0","Off","0","1","0","0","0","0","0","0","0"
"208","449.450 103.5","449.45000","444.45000","A-Analog","High","25K","Off","103.5","Local","Group Call","2","RMHAM Sample","Off","Carrier","Off","1","1","1","Off","0","1","HAM 449","None","Off","Off","Off","Off","Normal Encryption","Off","Off","Off","Off","0.0","0","Off","Off","Off","Off","Off","Off","1","0","Off","0","1","0","0","0","0","0","0","0"
"209","449.525 100.0","449.52500","444.52500","A-Analog","High","25K","Off","100.0","Local","Group Call","2","RMHAM Sample","Off","Carrier","Off","1","1","1","Off","0","1","HAM 449","None","Off","Off","Off","Off","Normal Encryption","Off","Off","Off","Off","0.0","0","Off","Off","Off","Off","Off","Off","1","0","Off","0","1","0","0","0","0","0","0","0"
"210","449.600 100.0","449.60000","444.60000","A-Analog","High","25K","Off","100.0","Local","Group Call","2","RMHAM Sample","Off","Carrier","Off","1","1","1","Off","0","1","HAM 449","None","Off","Off","Off","Off","Normal Encryption","Off","Off","Off","Off","0.0","0","Off","Off","Off","Off","Off","Off","1","0","Off","0","1","0","0","0","0","0","0","0"
"211","449.625 141.3","449.62500","444.62500","A-Analog","High","25K","141.3","141.3","Local","Group Call","2","RMHAM Sample","Off","CTCSS/DCS","Off","1","1","1","Off","0","1","HAM 449","None","Off","Off","Off","Off","Normal Encryption","Off","Off","Off","Off","0.0","0","Off","Off","Off","Off","Off","Off","1","0","Off","0","1","0","0","0","0","0","0","0"
"212","449.650 136.5","449.65000","444.65000","A-Analog","High","25K","Off","136.5","Local","Group Call","2","RMHAM Sample","Off","Carrier","Off","1","1","1","Off","0","1","HAM 449","None","Off","Off","Off","Off","Normal Encryption","Off","Off","Off","Off","0.0","0","Off","Off","Off","Off","Off","Off","1","0","Off","0","1","0","0","0","0","0","0","0"
"213","449.725 127.3","449.72500","444.72500","A-Analog","High","25K","Off","127.3","Local","Group Call","2","RMHAM Sample","Off","Carrier","Off","1","1","1","Off","0","1","HAM 449","None","Off","Off","Off","Off","Normal Encryption","Off","Off","Off","Off","0.0","0","Off","Off","Off","Off","Off","Off","1","0","Off","0","1","0","0","0","0","0","0","0"
"214","449.750 103.5","449.75000","444.75000","A-Analog","High","25K","Off","103.5","Local","Group Call","2","RMHAM Sample","Off","Carrier","Off","1","1","1","Off","0","1","HAM 449","None","Off","Off","Off","Off","Normal Encryption","Off","Off","Off","Off","0.0","0","Off","Off","Off","Off","Off","Off","1","0","Off","0","1","0","0","0","0","0","0","0"
"215","449.800 123.0","449.80000","444.80000","A-Analog","High","25K","Off","123.0","Local","Group Call","2","RMHAM Sample","Off","Carrier","Off","1","1","1","Off","0","1","HAM 449","None","Off","Off","Off","Off","Normal Encryption","Off","Off","Off","Off","0.0","0","Off","Off","Off","Off","Off","Off","1","0","Off","0","1","0","0","0","0","0","0","0"
"216","449.825 103.5","449.82500","444.82500","A-Analog","High","25K","Off","103.5","Local","Group Call","2","RMHAM Sample","Off","Carrier","Off","1","1","1","Off","0","1","HAM 449","None","Off","Off","Off","Off","Normal Encryption","Off","Off","Off","Off","0.0","0","Off","Off","Off","Off","Off","Off","1","0","Off","0","1","0","0","0","0","0","0","0"
"217","449.850 100.0","449.85000","444.85000","A-Analog","High","25K","Off","100.0","Local","Group Call","2","RMHAM Sample","Off","Carrier","Off","1","1","1","Off","0","1","HAM 449","None","Off","Off","Off","Off","Normal Encryption","Off","Off","Off","Off","0.0","0","Off","Off","Off","Off","Off","Off","1","0","Off","0","1","0","0","0","0","0","0","0"
"218","449.875 103.5","449.87500","444.87500","A-Analog","High","25K","Off","103.5","Local","Group Call","2","RMHAM Sample","Off","Carrier","Off","1","1","1","Off","0","1","HAM 449","None","Off","Off","Off","Off","Normal Encryption","Off","Off","Off","Off","0.0","0","Off","On","Off","Off","Off","Off","1","0","Off","0","0","0","0","0","0","0","0","0"
"219","Buffalo Local","445.05000","440.50000","D-Digital","High","12.5K","Off","Off","Wyoming Local","Group Call","100","RMHAM Sample","Different Color Code","Carrier","Off","1","1","1","Off","11","2","None","Wyoming Local","Off","Off","Off","Off","Normal Encryption","Off","Off","Off","Off","0.0","0","Off","On","Off","Off","Off","Off","1","0","Off","0","0","0","0","0","0","0","0","0"
"220","Buffalo WY","445.05000","440.50000","D-Digital","High","12.5K","Off","Off","Wyoming Wide","Group Call","3156","RMHAM Sample","Different Color Code","Carrier","Off","1","1","1","Off","11","1","None","Wyoming Wide","Off","Off","Off","Off","Normal Encryption","Off","Off","Off","Off","0.0","0","Off","On","Off","Off","Off","Off","1","0","Off","0","0","0","0","0","0","0","0","0"
"221","Casper Local","449.98750","444.98750","D-Digital","High","12.5K","Off","Off","Wyoming Local","Group Call","100","RMHAM Sample","Different Color Code","Carrier","Off","1","1","1","Off","11","2","None","Wyoming Local","Off","Off","Off","Off","Normal Encryption","Off","Off","Off","Off","0.0","0","Off","On","Off","Off","Off","Off","1","0","Off","0","0","0","0","0","0","0","0","0"
"222","Casper WY","449.98750","444.98750","D-Digital","High","12.5K","Off","Off","Wyoming Wide","Group Call","3156","RMHAM Sample","Different Color Code","Carrier","Off","1","1","1","Off","11","1","None","Wyoming Wide","Off","Off","Off","Off","Normal Encryption","Off","Off","Off","Off","0.0","0","Off","On","Off","Off","Off","Off","1","0","Off","0","0","0","0","0","0","0","0","0"
"223","Cheyenne WY","449.97500","444.97500","D-Digital","High","12.5K","Off","Off","Wyoming Local","Group Call","100","RMHAM Sample","Different Color Code","Carrier","Off","1","1","1","Off","11","2","None","Wyoming Local","Off","Off","Off","Off","Normal Encryption","Off","Off","Off","Off","0.0","0","Off","On","Off","Off","Off","Off","1","0","Off","0","0","0","0","0","0","0","0","0"
"224","Cheyenne Local","449.97500","444.97500","D-Digital","High","12.5K","Off","Off","Wyoming Wide","Group Call","3156","RMHAM Sample","Different Color Code","Carrier","Off","1","1","1","Off","11","1","None","Wyoming Wide","Off","Off","Off","Off","Normal Encryption","Off","Off","Off","Off","0.0","0","Off","On","Off","Off","Off","Off","1","0","Off","0","0","0","0","0","0","0","0","0"
"225","Code Local","442.32500","447.32500","D-Digital","High","12.5K","Off","Off","Wyoming Local","Group Call","100","RMHAM Sample","Different Color Code","Carrier","Off","1","1","1","Off","11","2","None","Wyoming Local","Off","Off","Off","Off","Normal Encryption","Off","Off","Off","Off","0.0","0","Off","On","Off","Off","Off","Off","1","0","Off","0","0","0","0","0","0","0","0","0"
"226","Code WY","442.32500","447.32500","D-Digital","High","12.5K","Off","Off","Wyoming Wide","Group Call","3156","RMHAM Sample","Different Color Code","Carrier","Off","1","1","1","Off","11","1","None","Wyoming Wide","Off","Off","Off","Off","Normal Encryption","Off","Off","Off","Off","0.0","0","Off","On","Off","Off","Off","Off","1","0","Off","0","0","0","0","0","0","0","0","0"
"227","Gillette Local","447.11250","442.11250","D-Digital","High","12.5K","Off","Off","Wyoming Local","Group Call","100","RMHAM Sample","Different Color Code","Carrier","Off","1","1","1","Off","11","2","None","Wyoming Local","Off","Off","Off","Off","Normal Encryption","Off","Off","Off","Off","0.0","0","Off","On","Off","Off","Off","Off","1","0","Off","0","0","0","0","0","0","0","0","0"
"228","Gillette WY","447.11250","442.11250","D-Digital","High","12.5K","Off","Off","Wyoming Wide","Group Call","3156","RMHAM Sample","Different Color Code","Carrier","Off","1","1","1","Off","11","1","None","Wyoming Wide","Off","Off","Off","Off","Normal Encryption","Off","Off","Off","Off","0.0","0","Off","On","Off","Off","Off","Off","1","0","Off","0","0","0","0","0","0","0","0","0"
"229","Jackson Local","445.20000","440.20000","D-Digital","High","12.5K","Off","Off","Wyoming Local","Group Call","100","RMHAM Sample","Different Color Code","Carrier","Off","1","1","1","Off","11","2","None","Wyoming Local","Off","Off","Off","Off","Normal Encryption","Off","Off","Off","Off","0.0","0","Off","On","Off","Off","Off","Off","1","0","Off","0","0","0","0","0","0","0","0","0"
"230","Jackson WY","445.20000","440.20000","D-Digital","High","12.5K","Off","Off","Wyoming Wide","Group Call","3156","RMHAM Sample","Different Color Code","Carrier","Off","1","1","1","Off","11","1","None","Wyoming Wide","Off","Off","Off","Off","Normal Encryption","Off","Off","Off","Off","0.0","0","Off","On","Off","Off","Off","Off","1","0","Off","0","0","0","0","0","0","0","0","0"
"231","Laramie Local","447.22500","442.22500","D-Digital","High","12.5K","Off","Off","Wyoming Local","Group Call","100","RMHAM Sample","Different Color Code","Carrier","Off","1","1","1","Off","11","2","None","Wyoming Local","Off","Off","Off","Off","Normal Encryption","Off","Off","Off","Off","0.0","0","Off","On","Off","Off","Off","Off","1","0","Off","0","0","0","0","0","0","0","0","0"
"232","Laramie WY","447.22500","442.22500","D-Digital","High","12.5K","Off","Off","Wyoming Wide","Group Call","3156","RMHAM Sample","Different Color Code","Carrier","Off","1","1","1","Off","11","1","None","Wyoming Wide","Off","Off","Off","Off","Normal Encryption","Off","Off","Off","Off","0.0","0","Off","On","Off","Off","Off","Off","1","0","Off","0","0","0","0","0","0","0","0","0"
"233","Lovell Local","446.92500","441.92500","D-Digital","High","12.5K","Off","Off","Wyoming Local","Group Call","100","RMHAM Sample","Different Color Code","Carrier","Off","1","1","1","Off","11","2","None","Wyoming Local","Off","Off","Off","Off","Normal Encryption","Off","Off","Off","Off","0.0","0","Off","On","Off","Off","Off","Off","1","0","Off","0","0","0","0","0","0","0","0","0"
"234","Lovell WY","446.92500","441.92500","D-Digital","High","12.5K","Off","Off","Wyoming Wide","Group Call","3156","RMHAM Sample","Different Color Code","Carrier","Off","1","1","1","Off","11","1","None","Wyoming Wide","Off","Off","Off","Off","Normal Encryption","Off","Off","Off","Off","0.0","0","Off","On","Off","Off","Off","Off","1","0","Off","0","0","0","0","0","0","0","0","0"
"235","Rawlins Local","445.05000","440.50000","D-Digital","High","12.5K","Off","Off","Wyoming Local","Group Call","100","RMHAM Sample","Different Color Code","Carrier","Off","1","1","1","Off","11","2","None","Wyoming Local","Off","Off","Off","Off","Normal Encryption","Off","Off","Off","Off","0.0","0","Off","On","Off","Off","Off","Off","1","0","Off","0","0","0","0","0","0","0","0","0"
"236","Rawlins WY","445.05000","440.50000","D-Digital","High","12.5K","Off","Off","Wyoming Wide","Group Call","3156","RMHAM Sample","Different Color Code","Carrier","Off","1","1","1","Off","11","1","None","Wyoming Wide","Off","Off","Off","Off","Normal Encryption","Off","Off","Off","Off","0.0","0","Off","On","Off","Off","Off","Off","1","0","Off","0","0","0","0","0","0","0","0","0"
"237","Sheridan Local","446.72500","441.72500","D-Digital","High","12.5K","Off","Off","Wyoming Local","Group Call","100","RMHAM Sample","Different Color Code","Carrier","Off","1","1","1","Off","11","2","None","Wyoming Local","Off","Off","Off","Off","Normal Encryption","Off","Off","Off","Off","0.0","0","Off","On","Off","Off","Off","Off","1","0","Off","0","0","0","0","0","0","0","0","0"
"238","Sheridan WY","446.72500","441.72500","D-Digital","High","12.5K","Off","Off","Wyoming Wide","Group Call","3156","RMHAM Sample","Different Color Code","Carrier","Off","1","1","1","Off","11","1","None","Wyoming Wide","Off","Off","Off","Off","Normal Encryption","Off","Off","Off","Off","0.0","0","Off","On","Off","Off","Off","Off","1","0","Off","0","0","0","0","0","0","0","0","0"
"239","Shoshoni Local","446.82500","441.82500","D-Digital","High","12.5K","Off","Off","Wyoming Local","Group Call","100","RMHAM Sample","Different Color Code","Carrier","Off","1","1","1","Off","11","2","None","Wyoming Local","Off","Off","Off","Off","Normal Encryption","Off","Off","Off","Off","0.0","0","Off","On","Off","Off","Off","Off","1","0","Off","0","0","0","0","0","0","0","0","0"
"240","Shoshoni WY","446.82500","441.82500","D-Digital","High","12.5K","Off","Off","Wyoming Wide","Group Call","3156","RMHAM Sample","Different Color Code","Carrier","Off","1","1","1","Off","11","1","None","Wyoming Wide","Off","Off","Off","Off","Normal Encryption","Off","Off","Off","Off","0.0","0","Off","On","Off","Off","Off","Off","1","0","Off","0","0","0","0","0","0","0","0","0"
"241","Ten Sleep Local","446.62500","441.62500","D-Digital","High","12.5K","Off","Off","Wyoming Local","Group Call","100","RMHAM Sample","Different Color Code","Carrier","Off","1","1","1","Off","11","2","None","Wyoming Local","Off","Off","Off","Off","Normal Encryption","Off","Off","Off","Off","0.0","0","Off","Off","Off","Off","Off","Off","1","0","Off","0","1","0","0","0","0","0","0","0"
"242","Ten Sleep WY","446.62500","441.62500","D-Digital","High","12.5K","Off","Off","Wyoming Wide","Group Call","3156","RMHAM Sample","Different Color Code","Carrier","Off","1","1","1","Off","11","1","None","Wyoming Wide","Off","Off","Off","Off","Normal Encryption","Off","Off","Off","Off","0.0","0","Off","Off","Off","Off","Off","Off","1","0","Off","0","1","0","0","0","0","0","0","0"
"243","Wheatland Local","446.98750","441.98750","D-Digital","High","12.5K","Off","Off","Wyoming Local","Group Call","100","RMHAM Sample","Different Color Code","Carrier","Off","1","1","1","Off","11","2","None","Wyoming Local","Off","Off","Off","Off","Normal Encryption","Off","Off","Off","Off","0.0","0","Off","On","Off","Off","Off","Off","1","0","Off","0","0","0","0","0","0","0","0","0"
"244","Wheatland WY","446.98750","441.98750","D-Digital","High","12.5K","Off","Off","Wyoming Wide","Group Call","3156","RMHAM Sample","Different Color Code","Carrier","Off","1","1","1","Off","11","1","None","Wyoming Wide","Off","Off","Off","Off","Normal Encryption","Off","Off","Off","Off","0.0","0","Off","On","Off","Off","Off","Off","1","0","Off","0","0","0","0","0","0","0","0","0"
"245","Almagre V RkMtn","145.23500","144.63500","D-Digital","Low","12.5K","Off","Off","Rocky Mountain","Group Call","700","RMHAM Sample","Different Color Code","Carrier","Off","1","1","1","Off","7","1","RMHAM Eastern","Rocky Mountain","Off","Off","Off","Off","Normal Encryption","Off","Off","Off","Off","0.0","0","Off","Off","Off","Off","Off","Off","1","0","Off","0","1","0","0","0","0","0","0","0"
"246","Almagre V East","145.23500","144.63500","D-Digital","Low","12.5K","Off","Off","Eastern","Group Call","705","RMHAM Sample","Different Color Code","Carrier","Off","1","1","1","Off","9","1","RMHAM Eastern","Eastern","Off","Off","Off","Off","Normal Encryption","Off","Off","Off","Off","0.0","0","Off","Off","Off","Off","Off","Off","1","0","Off","0","1","0","0","0","0","0","0","0"
"247","Lookout V RkMtn","145.37000","144.77000","D-Digital","Low","12.5K","Off","Off","Rocky Mountain","Group Call","700","RMHAM Sample","Different Color Code","Carrier","Off","1","1","1","Off","7","1","RMHAM Eastern","Rocky Mountain","Off","Off","Off","Off","Normal Encryption","Off","Off","Off","Off","0.0","0","Off","Off","Off","Off","Off","Off","1","0","Off","0","1","0","0","0","0","0","0","0"
"248","Lookout V East","145.37000","144.77000","D-Digital","Low","12.5K","Off","Off","Eastern","Group Call","705","RMHAM Sample","Different Color Code","Carrier","Off","1","1","1","Off","9","1","RMHAM Eastern","Eastern","Off","Off","Off","Off","Normal Encryption","Off","Off","Off","Off","0.0","0","Off","Off","Off","Off","Off","Off","1","0","Off","0","1","0","0","0","0","0","0","0"
"249","Squaw V RkMtn","145.17500","144.57500","D-Digital","Low","12.5K","Off","Off","Rocky Mountain","Group Call","700","RMHAM Sample","Different Color Code","Carrier","Off","1","1","1","Off","7","1","RMHAM Eastern","Rocky Mountain","Off","Off","Off","Off","Normal Encryption","Off","Off","Off","Off","0.0","0","Off","Off","Off","Off","Off","Off","1","0","Off","0","1","0","0","0","0","0","0","0"
"250","Squaw V East","145.17500","144.57500","D-Digital","Low","12.5K","Off","Off","Eastern","Group Call","705","RMHAM Sample","Different Color Code","Carrier","Off","1","1","1","Off","9","1","RMHAM Eastern","Eastern","Off","Off","Off","Off","Normal Encryption","Off","Off","Off","Off","0.0","0","Off","Off","Off","Off","Off","Off","1","0","Off","0","1","0","0","0","0","0","0","0"
"251","Buckhorn V RkMtn","145.35500","144.75500","D-Digital","Low","12.5K","Off","Off","Rocky Mountain","Group Call","700","RMHAM Sample","Different Color Code","Carrier","Off","1","1","1","Off","7","1","RMHAM Eastern","Rocky Mountain","Off","Off","Off","Off","Normal Encryption","Off","Off","Off","Off","0.0","0","Off","Off","Off","Off","Off","Off","1","0","Off","0","1","0","0","0","0","0","0","0"
"252","Buckhorn V East","145.35500","144.75500","D-Digital","Low","12.5K","Off","Off","Eastern","Group Call","705","RMHAM Sample","Different Color Code","Carrier","Off","1","1","1","Off","9","1","RMHAM Eastern","Eastern","Off","Off","Off","Off","Normal Encryption","Off","Off","Off","Off","0.0","0","Off","Off","Off","Off","Off","Off","1","0","Off","0","1","0","0","0","0","0","0","0"
"253","Critchell VHF","147.12000","147.72000","A-Analog","High","25K","88.5","88.5","Local","Group Call","2","RMHAM Sample","Off","CTCSS/DCS","Off","1","1","1","Off","0","1","None","None","Off","Off","Off","Off","Normal Encryption","Off","Off","Off","Off","0.0","0","Off","Off","Off","Off","Off","Off","1","0","Off","0","1","0","0","0","0","0","0","0"
"254","Guy VHF","147.15000","147.75000","A-Analog","High","25K","100.0","100.0","Local","Group Call","2","RMHAM Sample","Off","CTCSS/DCS","Off","1","1","1","Off","0","1","None","None","Off","Off","Off","Off","Normal Encryption","Off","Off","Off","Off","0.0","0","Off","Off","Off","Off","Off","Off","1","0","Off","0","1","0","0","0","0","0","0","0"
"255","Guy 220","224.74000","223.14000","A-Analog","High","12.5K","88.5","88.5","Local","Group Call","2","RMHAM Sample","Off","CTCSS/DCS","Off","1","1","1","Off","0","1","None","None","Off","Off","Off","Off","Normal Encryption","Off","Off","Off","Off","0.0","0","Off","Off","Off","Off","Off","Off","1","0","Off","0","1","0","0","0","0","0","0","0"
"4001","Channel VFO A","440.00000","440.00000","D-Digital","High","12.5K","Off","Off","Local","Group Call","2","RMHAM Sample","Always","Carrier","Off","1","1","1","Off","1","1","None","None","Off","Off","Off","Off","Normal Encryption","Off","Off","Off","Off","251.1","0","Off","Off","Off","Off","Off","Off","1","0","Off","0","1","0","0","0","0","0","0","0"
"4002","Channel VFO B","155.00000","155.00000","D-Digital","High","12.5K","Off","Off","Local","Group Call","2","RMHAM Sample","Always","Carrier","Off","1","1","1","Off","1","1","None","None","Off","Off","Off","Off","Normal Encryption","Off","Off","Off","Off","251.1","0","Off","Off","Off","Off","Off","Off","1","0","Off","0","1","0","0","0","0","0","0","0"
